utterance_str	utterance_lst	orig_utterance_str	orig_utterance_lst
man slept boy letter	['man', 'slept', 'boy', 'letter']	man mailed boy letter	['man', 'mailed', 'boy', 'letter']
man sat boy letter	['man', 'sat', 'boy', 'letter']	man mailed boy letter	['man', 'mailed', 'boy', 'letter']
man ran boy letter	['man', 'ran', 'boy', 'letter']	man mailed boy letter	['man', 'mailed', 'boy', 'letter']
man blinked boy letter	['man', 'blinked', 'boy', 'letter']	man mailed boy letter	['man', 'mailed', 'boy', 'letter']
man slept boy package	['man', 'slept', 'boy', 'package']	man mailed boy package	['man', 'mailed', 'boy', 'package']
man sat boy package	['man', 'sat', 'boy', 'package']	man mailed boy package	['man', 'mailed', 'boy', 'package']
man ran boy package	['man', 'ran', 'boy', 'package']	man mailed boy package	['man', 'mailed', 'boy', 'package']
man blinked boy package	['man', 'blinked', 'boy', 'package']	man mailed boy package	['man', 'mailed', 'boy', 'package']
man slept boy gift	['man', 'slept', 'boy', 'gift']	man mailed boy gift	['man', 'mailed', 'boy', 'gift']
man sat boy gift	['man', 'sat', 'boy', 'gift']	man mailed boy gift	['man', 'mailed', 'boy', 'gift']
man ran boy gift	['man', 'ran', 'boy', 'gift']	man mailed boy gift	['man', 'mailed', 'boy', 'gift']
man blinked boy gift	['man', 'blinked', 'boy', 'gift']	man mailed boy gift	['man', 'mailed', 'boy', 'gift']
man slept girl letter	['man', 'slept', 'girl', 'letter']	man mailed girl letter	['man', 'mailed', 'girl', 'letter']
man sat girl letter	['man', 'sat', 'girl', 'letter']	man mailed girl letter	['man', 'mailed', 'girl', 'letter']
man ran girl letter	['man', 'ran', 'girl', 'letter']	man mailed girl letter	['man', 'mailed', 'girl', 'letter']
man blinked girl letter	['man', 'blinked', 'girl', 'letter']	man mailed girl letter	['man', 'mailed', 'girl', 'letter']
man slept girl package	['man', 'slept', 'girl', 'package']	man mailed girl package	['man', 'mailed', 'girl', 'package']
man sat girl package	['man', 'sat', 'girl', 'package']	man mailed girl package	['man', 'mailed', 'girl', 'package']
man ran girl package	['man', 'ran', 'girl', 'package']	man mailed girl package	['man', 'mailed', 'girl', 'package']
man blinked girl package	['man', 'blinked', 'girl', 'package']	man mailed girl package	['man', 'mailed', 'girl', 'package']
man slept girl gift	['man', 'slept', 'girl', 'gift']	man mailed girl gift	['man', 'mailed', 'girl', 'gift']
man sat girl gift	['man', 'sat', 'girl', 'gift']	man mailed girl gift	['man', 'mailed', 'girl', 'gift']
man ran girl gift	['man', 'ran', 'girl', 'gift']	man mailed girl gift	['man', 'mailed', 'girl', 'gift']
man blinked girl gift	['man', 'blinked', 'girl', 'gift']	man mailed girl gift	['man', 'mailed', 'girl', 'gift']
woman slept boy letter	['woman', 'slept', 'boy', 'letter']	woman mailed boy letter	['woman', 'mailed', 'boy', 'letter']
woman sat boy letter	['woman', 'sat', 'boy', 'letter']	woman mailed boy letter	['woman', 'mailed', 'boy', 'letter']
woman ran boy letter	['woman', 'ran', 'boy', 'letter']	woman mailed boy letter	['woman', 'mailed', 'boy', 'letter']
woman blinked boy letter	['woman', 'blinked', 'boy', 'letter']	woman mailed boy letter	['woman', 'mailed', 'boy', 'letter']
woman slept boy package	['woman', 'slept', 'boy', 'package']	woman mailed boy package	['woman', 'mailed', 'boy', 'package']
woman sat boy package	['woman', 'sat', 'boy', 'package']	woman mailed boy package	['woman', 'mailed', 'boy', 'package']
woman ran boy package	['woman', 'ran', 'boy', 'package']	woman mailed boy package	['woman', 'mailed', 'boy', 'package']
woman blinked boy package	['woman', 'blinked', 'boy', 'package']	woman mailed boy package	['woman', 'mailed', 'boy', 'package']
woman slept boy gift	['woman', 'slept', 'boy', 'gift']	woman mailed boy gift	['woman', 'mailed', 'boy', 'gift']
woman sat boy gift	['woman', 'sat', 'boy', 'gift']	woman mailed boy gift	['woman', 'mailed', 'boy', 'gift']
woman ran boy gift	['woman', 'ran', 'boy', 'gift']	woman mailed boy gift	['woman', 'mailed', 'boy', 'gift']
woman blinked boy gift	['woman', 'blinked', 'boy', 'gift']	woman mailed boy gift	['woman', 'mailed', 'boy', 'gift']
woman slept girl letter	['woman', 'slept', 'girl', 'letter']	woman mailed girl letter	['woman', 'mailed', 'girl', 'letter']
woman sat girl letter	['woman', 'sat', 'girl', 'letter']	woman mailed girl letter	['woman', 'mailed', 'girl', 'letter']
woman ran girl letter	['woman', 'ran', 'girl', 'letter']	woman mailed girl letter	['woman', 'mailed', 'girl', 'letter']
woman blinked girl letter	['woman', 'blinked', 'girl', 'letter']	woman mailed girl letter	['woman', 'mailed', 'girl', 'letter']
woman slept girl package	['woman', 'slept', 'girl', 'package']	woman mailed girl package	['woman', 'mailed', 'girl', 'package']
woman sat girl package	['woman', 'sat', 'girl', 'package']	woman mailed girl package	['woman', 'mailed', 'girl', 'package']
woman ran girl package	['woman', 'ran', 'girl', 'package']	woman mailed girl package	['woman', 'mailed', 'girl', 'package']
woman blinked girl package	['woman', 'blinked', 'girl', 'package']	woman mailed girl package	['woman', 'mailed', 'girl', 'package']
woman slept girl gift	['woman', 'slept', 'girl', 'gift']	woman mailed girl gift	['woman', 'mailed', 'girl', 'gift']
woman sat girl gift	['woman', 'sat', 'girl', 'gift']	woman mailed girl gift	['woman', 'mailed', 'girl', 'gift']
woman ran girl gift	['woman', 'ran', 'girl', 'gift']	woman mailed girl gift	['woman', 'mailed', 'girl', 'gift']
woman blinked girl gift	['woman', 'blinked', 'girl', 'gift']	woman mailed girl gift	['woman', 'mailed', 'girl', 'gift']
man slept man coffee	['man', 'slept', 'man', 'coffee']	man lent man coffee	['man', 'lent', 'man', 'coffee']
man sat man coffee	['man', 'sat', 'man', 'coffee']	man lent man coffee	['man', 'lent', 'man', 'coffee']
man ran man coffee	['man', 'ran', 'man', 'coffee']	man lent man coffee	['man', 'lent', 'man', 'coffee']
man blinked man coffee	['man', 'blinked', 'man', 'coffee']	man lent man coffee	['man', 'lent', 'man', 'coffee']
man slept man tea	['man', 'slept', 'man', 'tea']	man lent man tea	['man', 'lent', 'man', 'tea']
man sat man tea	['man', 'sat', 'man', 'tea']	man lent man tea	['man', 'lent', 'man', 'tea']
man ran man tea	['man', 'ran', 'man', 'tea']	man lent man tea	['man', 'lent', 'man', 'tea']
man blinked man tea	['man', 'blinked', 'man', 'tea']	man lent man tea	['man', 'lent', 'man', 'tea']
man slept man sugar	['man', 'slept', 'man', 'sugar']	man lent man sugar	['man', 'lent', 'man', 'sugar']
man sat man sugar	['man', 'sat', 'man', 'sugar']	man lent man sugar	['man', 'lent', 'man', 'sugar']
man ran man sugar	['man', 'ran', 'man', 'sugar']	man lent man sugar	['man', 'lent', 'man', 'sugar']
man blinked man sugar	['man', 'blinked', 'man', 'sugar']	man lent man sugar	['man', 'lent', 'man', 'sugar']
man slept man book	['man', 'slept', 'man', 'book']	man lent man book	['man', 'lent', 'man', 'book']
man sat man book	['man', 'sat', 'man', 'book']	man lent man book	['man', 'lent', 'man', 'book']
man ran man book	['man', 'ran', 'man', 'book']	man lent man book	['man', 'lent', 'man', 'book']
man blinked man book	['man', 'blinked', 'man', 'book']	man lent man book	['man', 'lent', 'man', 'book']
man slept woman coffee	['man', 'slept', 'woman', 'coffee']	man lent woman coffee	['man', 'lent', 'woman', 'coffee']
man sat woman coffee	['man', 'sat', 'woman', 'coffee']	man lent woman coffee	['man', 'lent', 'woman', 'coffee']
man ran woman coffee	['man', 'ran', 'woman', 'coffee']	man lent woman coffee	['man', 'lent', 'woman', 'coffee']
man blinked woman coffee	['man', 'blinked', 'woman', 'coffee']	man lent woman coffee	['man', 'lent', 'woman', 'coffee']
man slept woman tea	['man', 'slept', 'woman', 'tea']	man lent woman tea	['man', 'lent', 'woman', 'tea']
man sat woman tea	['man', 'sat', 'woman', 'tea']	man lent woman tea	['man', 'lent', 'woman', 'tea']
man ran woman tea	['man', 'ran', 'woman', 'tea']	man lent woman tea	['man', 'lent', 'woman', 'tea']
man blinked woman tea	['man', 'blinked', 'woman', 'tea']	man lent woman tea	['man', 'lent', 'woman', 'tea']
man slept woman sugar	['man', 'slept', 'woman', 'sugar']	man lent woman sugar	['man', 'lent', 'woman', 'sugar']
man sat woman sugar	['man', 'sat', 'woman', 'sugar']	man lent woman sugar	['man', 'lent', 'woman', 'sugar']
man ran woman sugar	['man', 'ran', 'woman', 'sugar']	man lent woman sugar	['man', 'lent', 'woman', 'sugar']
man blinked woman sugar	['man', 'blinked', 'woman', 'sugar']	man lent woman sugar	['man', 'lent', 'woman', 'sugar']
man slept woman book	['man', 'slept', 'woman', 'book']	man lent woman book	['man', 'lent', 'woman', 'book']
man sat woman book	['man', 'sat', 'woman', 'book']	man lent woman book	['man', 'lent', 'woman', 'book']
man ran woman book	['man', 'ran', 'woman', 'book']	man lent woman book	['man', 'lent', 'woman', 'book']
man blinked woman book	['man', 'blinked', 'woman', 'book']	man lent woman book	['man', 'lent', 'woman', 'book']
woman slept man coffee	['woman', 'slept', 'man', 'coffee']	woman lent man coffee	['woman', 'lent', 'man', 'coffee']
woman sat man coffee	['woman', 'sat', 'man', 'coffee']	woman lent man coffee	['woman', 'lent', 'man', 'coffee']
woman ran man coffee	['woman', 'ran', 'man', 'coffee']	woman lent man coffee	['woman', 'lent', 'man', 'coffee']
woman blinked man coffee	['woman', 'blinked', 'man', 'coffee']	woman lent man coffee	['woman', 'lent', 'man', 'coffee']
woman slept man tea	['woman', 'slept', 'man', 'tea']	woman lent man tea	['woman', 'lent', 'man', 'tea']
woman sat man tea	['woman', 'sat', 'man', 'tea']	woman lent man tea	['woman', 'lent', 'man', 'tea']
woman ran man tea	['woman', 'ran', 'man', 'tea']	woman lent man tea	['woman', 'lent', 'man', 'tea']
woman blinked man tea	['woman', 'blinked', 'man', 'tea']	woman lent man tea	['woman', 'lent', 'man', 'tea']
woman slept man sugar	['woman', 'slept', 'man', 'sugar']	woman lent man sugar	['woman', 'lent', 'man', 'sugar']
woman sat man sugar	['woman', 'sat', 'man', 'sugar']	woman lent man sugar	['woman', 'lent', 'man', 'sugar']
woman ran man sugar	['woman', 'ran', 'man', 'sugar']	woman lent man sugar	['woman', 'lent', 'man', 'sugar']
woman blinked man sugar	['woman', 'blinked', 'man', 'sugar']	woman lent man sugar	['woman', 'lent', 'man', 'sugar']
woman slept man book	['woman', 'slept', 'man', 'book']	woman lent man book	['woman', 'lent', 'man', 'book']
woman sat man book	['woman', 'sat', 'man', 'book']	woman lent man book	['woman', 'lent', 'man', 'book']
woman ran man book	['woman', 'ran', 'man', 'book']	woman lent man book	['woman', 'lent', 'man', 'book']
woman blinked man book	['woman', 'blinked', 'man', 'book']	woman lent man book	['woman', 'lent', 'man', 'book']
woman slept woman coffee	['woman', 'slept', 'woman', 'coffee']	woman lent woman coffee	['woman', 'lent', 'woman', 'coffee']
woman sat woman coffee	['woman', 'sat', 'woman', 'coffee']	woman lent woman coffee	['woman', 'lent', 'woman', 'coffee']
woman ran woman coffee	['woman', 'ran', 'woman', 'coffee']	woman lent woman coffee	['woman', 'lent', 'woman', 'coffee']
woman blinked woman coffee	['woman', 'blinked', 'woman', 'coffee']	woman lent woman coffee	['woman', 'lent', 'woman', 'coffee']
woman slept woman tea	['woman', 'slept', 'woman', 'tea']	woman lent woman tea	['woman', 'lent', 'woman', 'tea']
woman sat woman tea	['woman', 'sat', 'woman', 'tea']	woman lent woman tea	['woman', 'lent', 'woman', 'tea']
woman ran woman tea	['woman', 'ran', 'woman', 'tea']	woman lent woman tea	['woman', 'lent', 'woman', 'tea']
woman blinked woman tea	['woman', 'blinked', 'woman', 'tea']	woman lent woman tea	['woman', 'lent', 'woman', 'tea']
woman slept woman sugar	['woman', 'slept', 'woman', 'sugar']	woman lent woman sugar	['woman', 'lent', 'woman', 'sugar']
woman sat woman sugar	['woman', 'sat', 'woman', 'sugar']	woman lent woman sugar	['woman', 'lent', 'woman', 'sugar']
woman ran woman sugar	['woman', 'ran', 'woman', 'sugar']	woman lent woman sugar	['woman', 'lent', 'woman', 'sugar']
woman blinked woman sugar	['woman', 'blinked', 'woman', 'sugar']	woman lent woman sugar	['woman', 'lent', 'woman', 'sugar']
woman slept woman book	['woman', 'slept', 'woman', 'book']	woman lent woman book	['woman', 'lent', 'woman', 'book']
woman sat woman book	['woman', 'sat', 'woman', 'book']	woman lent woman book	['woman', 'lent', 'woman', 'book']
woman ran woman book	['woman', 'ran', 'woman', 'book']	woman lent woman book	['woman', 'lent', 'woman', 'book']
woman blinked woman book	['woman', 'blinked', 'woman', 'book']	woman lent woman book	['woman', 'lent', 'woman', 'book']
man slept man eggs	['man', 'slept', 'man', 'eggs']	man gave man eggs	['man', 'gave', 'man', 'eggs']
man sat man eggs	['man', 'sat', 'man', 'eggs']	man gave man eggs	['man', 'gave', 'man', 'eggs']
man ran man eggs	['man', 'ran', 'man', 'eggs']	man gave man eggs	['man', 'gave', 'man', 'eggs']
man blinked man eggs	['man', 'blinked', 'man', 'eggs']	man gave man eggs	['man', 'gave', 'man', 'eggs']
man slept man toast	['man', 'slept', 'man', 'toast']	man gave man toast	['man', 'gave', 'man', 'toast']
man sat man toast	['man', 'sat', 'man', 'toast']	man gave man toast	['man', 'gave', 'man', 'toast']
man ran man toast	['man', 'ran', 'man', 'toast']	man gave man toast	['man', 'gave', 'man', 'toast']
man blinked man toast	['man', 'blinked', 'man', 'toast']	man gave man toast	['man', 'gave', 'man', 'toast']
man slept man pizza	['man', 'slept', 'man', 'pizza']	man gave man pizza	['man', 'gave', 'man', 'pizza']
man sat man pizza	['man', 'sat', 'man', 'pizza']	man gave man pizza	['man', 'gave', 'man', 'pizza']
man ran man pizza	['man', 'ran', 'man', 'pizza']	man gave man pizza	['man', 'gave', 'man', 'pizza']
man blinked man pizza	['man', 'blinked', 'man', 'pizza']	man gave man pizza	['man', 'gave', 'man', 'pizza']
man slept man coffee	['man', 'slept', 'man', 'coffee']	man gave man coffee	['man', 'gave', 'man', 'coffee']
man sat man coffee	['man', 'sat', 'man', 'coffee']	man gave man coffee	['man', 'gave', 'man', 'coffee']
man ran man coffee	['man', 'ran', 'man', 'coffee']	man gave man coffee	['man', 'gave', 'man', 'coffee']
man blinked man coffee	['man', 'blinked', 'man', 'coffee']	man gave man coffee	['man', 'gave', 'man', 'coffee']
man slept man tea	['man', 'slept', 'man', 'tea']	man gave man tea	['man', 'gave', 'man', 'tea']
man sat man tea	['man', 'sat', 'man', 'tea']	man gave man tea	['man', 'gave', 'man', 'tea']
man ran man tea	['man', 'ran', 'man', 'tea']	man gave man tea	['man', 'gave', 'man', 'tea']
man blinked man tea	['man', 'blinked', 'man', 'tea']	man gave man tea	['man', 'gave', 'man', 'tea']
man slept man soup	['man', 'slept', 'man', 'soup']	man gave man soup	['man', 'gave', 'man', 'soup']
man sat man soup	['man', 'sat', 'man', 'soup']	man gave man soup	['man', 'gave', 'man', 'soup']
man ran man soup	['man', 'ran', 'man', 'soup']	man gave man soup	['man', 'gave', 'man', 'soup']
man blinked man soup	['man', 'blinked', 'man', 'soup']	man gave man soup	['man', 'gave', 'man', 'soup']
man slept man sugar	['man', 'slept', 'man', 'sugar']	man gave man sugar	['man', 'gave', 'man', 'sugar']
man sat man sugar	['man', 'sat', 'man', 'sugar']	man gave man sugar	['man', 'gave', 'man', 'sugar']
man ran man sugar	['man', 'ran', 'man', 'sugar']	man gave man sugar	['man', 'gave', 'man', 'sugar']
man blinked man sugar	['man', 'blinked', 'man', 'sugar']	man gave man sugar	['man', 'gave', 'man', 'sugar']
man slept man book	['man', 'slept', 'man', 'book']	man gave man book	['man', 'gave', 'man', 'book']
man sat man book	['man', 'sat', 'man', 'book']	man gave man book	['man', 'gave', 'man', 'book']
man ran man book	['man', 'ran', 'man', 'book']	man gave man book	['man', 'gave', 'man', 'book']
man blinked man book	['man', 'blinked', 'man', 'book']	man gave man book	['man', 'gave', 'man', 'book']
man slept man letter	['man', 'slept', 'man', 'letter']	man gave man letter	['man', 'gave', 'man', 'letter']
man sat man letter	['man', 'sat', 'man', 'letter']	man gave man letter	['man', 'gave', 'man', 'letter']
man ran man letter	['man', 'ran', 'man', 'letter']	man gave man letter	['man', 'gave', 'man', 'letter']
man blinked man letter	['man', 'blinked', 'man', 'letter']	man gave man letter	['man', 'gave', 'man', 'letter']
man slept man package	['man', 'slept', 'man', 'package']	man gave man package	['man', 'gave', 'man', 'package']
man sat man package	['man', 'sat', 'man', 'package']	man gave man package	['man', 'gave', 'man', 'package']
man ran man package	['man', 'ran', 'man', 'package']	man gave man package	['man', 'gave', 'man', 'package']
man blinked man package	['man', 'blinked', 'man', 'package']	man gave man package	['man', 'gave', 'man', 'package']
man slept man gift	['man', 'slept', 'man', 'gift']	man gave man gift	['man', 'gave', 'man', 'gift']
man sat man gift	['man', 'sat', 'man', 'gift']	man gave man gift	['man', 'gave', 'man', 'gift']
man ran man gift	['man', 'ran', 'man', 'gift']	man gave man gift	['man', 'gave', 'man', 'gift']
man blinked man gift	['man', 'blinked', 'man', 'gift']	man gave man gift	['man', 'gave', 'man', 'gift']
man slept woman eggs	['man', 'slept', 'woman', 'eggs']	man gave woman eggs	['man', 'gave', 'woman', 'eggs']
man sat woman eggs	['man', 'sat', 'woman', 'eggs']	man gave woman eggs	['man', 'gave', 'woman', 'eggs']
man ran woman eggs	['man', 'ran', 'woman', 'eggs']	man gave woman eggs	['man', 'gave', 'woman', 'eggs']
man blinked woman eggs	['man', 'blinked', 'woman', 'eggs']	man gave woman eggs	['man', 'gave', 'woman', 'eggs']
man slept woman toast	['man', 'slept', 'woman', 'toast']	man gave woman toast	['man', 'gave', 'woman', 'toast']
man sat woman toast	['man', 'sat', 'woman', 'toast']	man gave woman toast	['man', 'gave', 'woman', 'toast']
man ran woman toast	['man', 'ran', 'woman', 'toast']	man gave woman toast	['man', 'gave', 'woman', 'toast']
man blinked woman toast	['man', 'blinked', 'woman', 'toast']	man gave woman toast	['man', 'gave', 'woman', 'toast']
man slept woman pizza	['man', 'slept', 'woman', 'pizza']	man gave woman pizza	['man', 'gave', 'woman', 'pizza']
man sat woman pizza	['man', 'sat', 'woman', 'pizza']	man gave woman pizza	['man', 'gave', 'woman', 'pizza']
man ran woman pizza	['man', 'ran', 'woman', 'pizza']	man gave woman pizza	['man', 'gave', 'woman', 'pizza']
man blinked woman pizza	['man', 'blinked', 'woman', 'pizza']	man gave woman pizza	['man', 'gave', 'woman', 'pizza']
man slept woman coffee	['man', 'slept', 'woman', 'coffee']	man gave woman coffee	['man', 'gave', 'woman', 'coffee']
man sat woman coffee	['man', 'sat', 'woman', 'coffee']	man gave woman coffee	['man', 'gave', 'woman', 'coffee']
man ran woman coffee	['man', 'ran', 'woman', 'coffee']	man gave woman coffee	['man', 'gave', 'woman', 'coffee']
man blinked woman coffee	['man', 'blinked', 'woman', 'coffee']	man gave woman coffee	['man', 'gave', 'woman', 'coffee']
man slept woman tea	['man', 'slept', 'woman', 'tea']	man gave woman tea	['man', 'gave', 'woman', 'tea']
man sat woman tea	['man', 'sat', 'woman', 'tea']	man gave woman tea	['man', 'gave', 'woman', 'tea']
man ran woman tea	['man', 'ran', 'woman', 'tea']	man gave woman tea	['man', 'gave', 'woman', 'tea']
man blinked woman tea	['man', 'blinked', 'woman', 'tea']	man gave woman tea	['man', 'gave', 'woman', 'tea']
man slept woman soup	['man', 'slept', 'woman', 'soup']	man gave woman soup	['man', 'gave', 'woman', 'soup']
man sat woman soup	['man', 'sat', 'woman', 'soup']	man gave woman soup	['man', 'gave', 'woman', 'soup']
man ran woman soup	['man', 'ran', 'woman', 'soup']	man gave woman soup	['man', 'gave', 'woman', 'soup']
man blinked woman soup	['man', 'blinked', 'woman', 'soup']	man gave woman soup	['man', 'gave', 'woman', 'soup']
man slept woman sugar	['man', 'slept', 'woman', 'sugar']	man gave woman sugar	['man', 'gave', 'woman', 'sugar']
man sat woman sugar	['man', 'sat', 'woman', 'sugar']	man gave woman sugar	['man', 'gave', 'woman', 'sugar']
man ran woman sugar	['man', 'ran', 'woman', 'sugar']	man gave woman sugar	['man', 'gave', 'woman', 'sugar']
man blinked woman sugar	['man', 'blinked', 'woman', 'sugar']	man gave woman sugar	['man', 'gave', 'woman', 'sugar']
man slept woman book	['man', 'slept', 'woman', 'book']	man gave woman book	['man', 'gave', 'woman', 'book']
man sat woman book	['man', 'sat', 'woman', 'book']	man gave woman book	['man', 'gave', 'woman', 'book']
man ran woman book	['man', 'ran', 'woman', 'book']	man gave woman book	['man', 'gave', 'woman', 'book']
man blinked woman book	['man', 'blinked', 'woman', 'book']	man gave woman book	['man', 'gave', 'woman', 'book']
man slept woman letter	['man', 'slept', 'woman', 'letter']	man gave woman letter	['man', 'gave', 'woman', 'letter']
man sat woman letter	['man', 'sat', 'woman', 'letter']	man gave woman letter	['man', 'gave', 'woman', 'letter']
man ran woman letter	['man', 'ran', 'woman', 'letter']	man gave woman letter	['man', 'gave', 'woman', 'letter']
man blinked woman letter	['man', 'blinked', 'woman', 'letter']	man gave woman letter	['man', 'gave', 'woman', 'letter']
man slept woman package	['man', 'slept', 'woman', 'package']	man gave woman package	['man', 'gave', 'woman', 'package']
man sat woman package	['man', 'sat', 'woman', 'package']	man gave woman package	['man', 'gave', 'woman', 'package']
man ran woman package	['man', 'ran', 'woman', 'package']	man gave woman package	['man', 'gave', 'woman', 'package']
man blinked woman package	['man', 'blinked', 'woman', 'package']	man gave woman package	['man', 'gave', 'woman', 'package']
man slept woman gift	['man', 'slept', 'woman', 'gift']	man gave woman gift	['man', 'gave', 'woman', 'gift']
man sat woman gift	['man', 'sat', 'woman', 'gift']	man gave woman gift	['man', 'gave', 'woman', 'gift']
man ran woman gift	['man', 'ran', 'woman', 'gift']	man gave woman gift	['man', 'gave', 'woman', 'gift']
man blinked woman gift	['man', 'blinked', 'woman', 'gift']	man gave woman gift	['man', 'gave', 'woman', 'gift']
man slept boy eggs	['man', 'slept', 'boy', 'eggs']	man gave boy eggs	['man', 'gave', 'boy', 'eggs']
man sat boy eggs	['man', 'sat', 'boy', 'eggs']	man gave boy eggs	['man', 'gave', 'boy', 'eggs']
man ran boy eggs	['man', 'ran', 'boy', 'eggs']	man gave boy eggs	['man', 'gave', 'boy', 'eggs']
man blinked boy eggs	['man', 'blinked', 'boy', 'eggs']	man gave boy eggs	['man', 'gave', 'boy', 'eggs']
man slept boy toast	['man', 'slept', 'boy', 'toast']	man gave boy toast	['man', 'gave', 'boy', 'toast']
man sat boy toast	['man', 'sat', 'boy', 'toast']	man gave boy toast	['man', 'gave', 'boy', 'toast']
man ran boy toast	['man', 'ran', 'boy', 'toast']	man gave boy toast	['man', 'gave', 'boy', 'toast']
man blinked boy toast	['man', 'blinked', 'boy', 'toast']	man gave boy toast	['man', 'gave', 'boy', 'toast']
man slept boy pizza	['man', 'slept', 'boy', 'pizza']	man gave boy pizza	['man', 'gave', 'boy', 'pizza']
man sat boy pizza	['man', 'sat', 'boy', 'pizza']	man gave boy pizza	['man', 'gave', 'boy', 'pizza']
man ran boy pizza	['man', 'ran', 'boy', 'pizza']	man gave boy pizza	['man', 'gave', 'boy', 'pizza']
man blinked boy pizza	['man', 'blinked', 'boy', 'pizza']	man gave boy pizza	['man', 'gave', 'boy', 'pizza']
man slept boy coffee	['man', 'slept', 'boy', 'coffee']	man gave boy coffee	['man', 'gave', 'boy', 'coffee']
man sat boy coffee	['man', 'sat', 'boy', 'coffee']	man gave boy coffee	['man', 'gave', 'boy', 'coffee']
man ran boy coffee	['man', 'ran', 'boy', 'coffee']	man gave boy coffee	['man', 'gave', 'boy', 'coffee']
man blinked boy coffee	['man', 'blinked', 'boy', 'coffee']	man gave boy coffee	['man', 'gave', 'boy', 'coffee']
man slept boy tea	['man', 'slept', 'boy', 'tea']	man gave boy tea	['man', 'gave', 'boy', 'tea']
man sat boy tea	['man', 'sat', 'boy', 'tea']	man gave boy tea	['man', 'gave', 'boy', 'tea']
man ran boy tea	['man', 'ran', 'boy', 'tea']	man gave boy tea	['man', 'gave', 'boy', 'tea']
man blinked boy tea	['man', 'blinked', 'boy', 'tea']	man gave boy tea	['man', 'gave', 'boy', 'tea']
man slept boy soup	['man', 'slept', 'boy', 'soup']	man gave boy soup	['man', 'gave', 'boy', 'soup']
man sat boy soup	['man', 'sat', 'boy', 'soup']	man gave boy soup	['man', 'gave', 'boy', 'soup']
man ran boy soup	['man', 'ran', 'boy', 'soup']	man gave boy soup	['man', 'gave', 'boy', 'soup']
man blinked boy soup	['man', 'blinked', 'boy', 'soup']	man gave boy soup	['man', 'gave', 'boy', 'soup']
man slept boy sugar	['man', 'slept', 'boy', 'sugar']	man gave boy sugar	['man', 'gave', 'boy', 'sugar']
man sat boy sugar	['man', 'sat', 'boy', 'sugar']	man gave boy sugar	['man', 'gave', 'boy', 'sugar']
man ran boy sugar	['man', 'ran', 'boy', 'sugar']	man gave boy sugar	['man', 'gave', 'boy', 'sugar']
man blinked boy sugar	['man', 'blinked', 'boy', 'sugar']	man gave boy sugar	['man', 'gave', 'boy', 'sugar']
man slept boy book	['man', 'slept', 'boy', 'book']	man gave boy book	['man', 'gave', 'boy', 'book']
man sat boy book	['man', 'sat', 'boy', 'book']	man gave boy book	['man', 'gave', 'boy', 'book']
man ran boy book	['man', 'ran', 'boy', 'book']	man gave boy book	['man', 'gave', 'boy', 'book']
man blinked boy book	['man', 'blinked', 'boy', 'book']	man gave boy book	['man', 'gave', 'boy', 'book']
man slept boy letter	['man', 'slept', 'boy', 'letter']	man gave boy letter	['man', 'gave', 'boy', 'letter']
man sat boy letter	['man', 'sat', 'boy', 'letter']	man gave boy letter	['man', 'gave', 'boy', 'letter']
man ran boy letter	['man', 'ran', 'boy', 'letter']	man gave boy letter	['man', 'gave', 'boy', 'letter']
man blinked boy letter	['man', 'blinked', 'boy', 'letter']	man gave boy letter	['man', 'gave', 'boy', 'letter']
man slept boy package	['man', 'slept', 'boy', 'package']	man gave boy package	['man', 'gave', 'boy', 'package']
man sat boy package	['man', 'sat', 'boy', 'package']	man gave boy package	['man', 'gave', 'boy', 'package']
man ran boy package	['man', 'ran', 'boy', 'package']	man gave boy package	['man', 'gave', 'boy', 'package']
man blinked boy package	['man', 'blinked', 'boy', 'package']	man gave boy package	['man', 'gave', 'boy', 'package']
man slept boy gift	['man', 'slept', 'boy', 'gift']	man gave boy gift	['man', 'gave', 'boy', 'gift']
man sat boy gift	['man', 'sat', 'boy', 'gift']	man gave boy gift	['man', 'gave', 'boy', 'gift']
man ran boy gift	['man', 'ran', 'boy', 'gift']	man gave boy gift	['man', 'gave', 'boy', 'gift']
man blinked boy gift	['man', 'blinked', 'boy', 'gift']	man gave boy gift	['man', 'gave', 'boy', 'gift']
man slept girl eggs	['man', 'slept', 'girl', 'eggs']	man gave girl eggs	['man', 'gave', 'girl', 'eggs']
man sat girl eggs	['man', 'sat', 'girl', 'eggs']	man gave girl eggs	['man', 'gave', 'girl', 'eggs']
man ran girl eggs	['man', 'ran', 'girl', 'eggs']	man gave girl eggs	['man', 'gave', 'girl', 'eggs']
man blinked girl eggs	['man', 'blinked', 'girl', 'eggs']	man gave girl eggs	['man', 'gave', 'girl', 'eggs']
man slept girl toast	['man', 'slept', 'girl', 'toast']	man gave girl toast	['man', 'gave', 'girl', 'toast']
man sat girl toast	['man', 'sat', 'girl', 'toast']	man gave girl toast	['man', 'gave', 'girl', 'toast']
man ran girl toast	['man', 'ran', 'girl', 'toast']	man gave girl toast	['man', 'gave', 'girl', 'toast']
man blinked girl toast	['man', 'blinked', 'girl', 'toast']	man gave girl toast	['man', 'gave', 'girl', 'toast']
man slept girl pizza	['man', 'slept', 'girl', 'pizza']	man gave girl pizza	['man', 'gave', 'girl', 'pizza']
man sat girl pizza	['man', 'sat', 'girl', 'pizza']	man gave girl pizza	['man', 'gave', 'girl', 'pizza']
man ran girl pizza	['man', 'ran', 'girl', 'pizza']	man gave girl pizza	['man', 'gave', 'girl', 'pizza']
man blinked girl pizza	['man', 'blinked', 'girl', 'pizza']	man gave girl pizza	['man', 'gave', 'girl', 'pizza']
man slept girl coffee	['man', 'slept', 'girl', 'coffee']	man gave girl coffee	['man', 'gave', 'girl', 'coffee']
man sat girl coffee	['man', 'sat', 'girl', 'coffee']	man gave girl coffee	['man', 'gave', 'girl', 'coffee']
man ran girl coffee	['man', 'ran', 'girl', 'coffee']	man gave girl coffee	['man', 'gave', 'girl', 'coffee']
man blinked girl coffee	['man', 'blinked', 'girl', 'coffee']	man gave girl coffee	['man', 'gave', 'girl', 'coffee']
man slept girl tea	['man', 'slept', 'girl', 'tea']	man gave girl tea	['man', 'gave', 'girl', 'tea']
man sat girl tea	['man', 'sat', 'girl', 'tea']	man gave girl tea	['man', 'gave', 'girl', 'tea']
man ran girl tea	['man', 'ran', 'girl', 'tea']	man gave girl tea	['man', 'gave', 'girl', 'tea']
man blinked girl tea	['man', 'blinked', 'girl', 'tea']	man gave girl tea	['man', 'gave', 'girl', 'tea']
man slept girl soup	['man', 'slept', 'girl', 'soup']	man gave girl soup	['man', 'gave', 'girl', 'soup']
man sat girl soup	['man', 'sat', 'girl', 'soup']	man gave girl soup	['man', 'gave', 'girl', 'soup']
man ran girl soup	['man', 'ran', 'girl', 'soup']	man gave girl soup	['man', 'gave', 'girl', 'soup']
man blinked girl soup	['man', 'blinked', 'girl', 'soup']	man gave girl soup	['man', 'gave', 'girl', 'soup']
man slept girl sugar	['man', 'slept', 'girl', 'sugar']	man gave girl sugar	['man', 'gave', 'girl', 'sugar']
man sat girl sugar	['man', 'sat', 'girl', 'sugar']	man gave girl sugar	['man', 'gave', 'girl', 'sugar']
man ran girl sugar	['man', 'ran', 'girl', 'sugar']	man gave girl sugar	['man', 'gave', 'girl', 'sugar']
man blinked girl sugar	['man', 'blinked', 'girl', 'sugar']	man gave girl sugar	['man', 'gave', 'girl', 'sugar']
man slept girl book	['man', 'slept', 'girl', 'book']	man gave girl book	['man', 'gave', 'girl', 'book']
man sat girl book	['man', 'sat', 'girl', 'book']	man gave girl book	['man', 'gave', 'girl', 'book']
man ran girl book	['man', 'ran', 'girl', 'book']	man gave girl book	['man', 'gave', 'girl', 'book']
man blinked girl book	['man', 'blinked', 'girl', 'book']	man gave girl book	['man', 'gave', 'girl', 'book']
man slept girl letter	['man', 'slept', 'girl', 'letter']	man gave girl letter	['man', 'gave', 'girl', 'letter']
man sat girl letter	['man', 'sat', 'girl', 'letter']	man gave girl letter	['man', 'gave', 'girl', 'letter']
man ran girl letter	['man', 'ran', 'girl', 'letter']	man gave girl letter	['man', 'gave', 'girl', 'letter']
man blinked girl letter	['man', 'blinked', 'girl', 'letter']	man gave girl letter	['man', 'gave', 'girl', 'letter']
man slept girl package	['man', 'slept', 'girl', 'package']	man gave girl package	['man', 'gave', 'girl', 'package']
man sat girl package	['man', 'sat', 'girl', 'package']	man gave girl package	['man', 'gave', 'girl', 'package']
man ran girl package	['man', 'ran', 'girl', 'package']	man gave girl package	['man', 'gave', 'girl', 'package']
man blinked girl package	['man', 'blinked', 'girl', 'package']	man gave girl package	['man', 'gave', 'girl', 'package']
man slept girl gift	['man', 'slept', 'girl', 'gift']	man gave girl gift	['man', 'gave', 'girl', 'gift']
man sat girl gift	['man', 'sat', 'girl', 'gift']	man gave girl gift	['man', 'gave', 'girl', 'gift']
man ran girl gift	['man', 'ran', 'girl', 'gift']	man gave girl gift	['man', 'gave', 'girl', 'gift']
man blinked girl gift	['man', 'blinked', 'girl', 'gift']	man gave girl gift	['man', 'gave', 'girl', 'gift']
woman slept man eggs	['woman', 'slept', 'man', 'eggs']	woman gave man eggs	['woman', 'gave', 'man', 'eggs']
woman sat man eggs	['woman', 'sat', 'man', 'eggs']	woman gave man eggs	['woman', 'gave', 'man', 'eggs']
woman ran man eggs	['woman', 'ran', 'man', 'eggs']	woman gave man eggs	['woman', 'gave', 'man', 'eggs']
woman blinked man eggs	['woman', 'blinked', 'man', 'eggs']	woman gave man eggs	['woman', 'gave', 'man', 'eggs']
woman slept man toast	['woman', 'slept', 'man', 'toast']	woman gave man toast	['woman', 'gave', 'man', 'toast']
woman sat man toast	['woman', 'sat', 'man', 'toast']	woman gave man toast	['woman', 'gave', 'man', 'toast']
woman ran man toast	['woman', 'ran', 'man', 'toast']	woman gave man toast	['woman', 'gave', 'man', 'toast']
woman blinked man toast	['woman', 'blinked', 'man', 'toast']	woman gave man toast	['woman', 'gave', 'man', 'toast']
woman slept man pizza	['woman', 'slept', 'man', 'pizza']	woman gave man pizza	['woman', 'gave', 'man', 'pizza']
woman sat man pizza	['woman', 'sat', 'man', 'pizza']	woman gave man pizza	['woman', 'gave', 'man', 'pizza']
woman ran man pizza	['woman', 'ran', 'man', 'pizza']	woman gave man pizza	['woman', 'gave', 'man', 'pizza']
woman blinked man pizza	['woman', 'blinked', 'man', 'pizza']	woman gave man pizza	['woman', 'gave', 'man', 'pizza']
woman slept man coffee	['woman', 'slept', 'man', 'coffee']	woman gave man coffee	['woman', 'gave', 'man', 'coffee']
woman sat man coffee	['woman', 'sat', 'man', 'coffee']	woman gave man coffee	['woman', 'gave', 'man', 'coffee']
woman ran man coffee	['woman', 'ran', 'man', 'coffee']	woman gave man coffee	['woman', 'gave', 'man', 'coffee']
woman blinked man coffee	['woman', 'blinked', 'man', 'coffee']	woman gave man coffee	['woman', 'gave', 'man', 'coffee']
woman slept man tea	['woman', 'slept', 'man', 'tea']	woman gave man tea	['woman', 'gave', 'man', 'tea']
woman sat man tea	['woman', 'sat', 'man', 'tea']	woman gave man tea	['woman', 'gave', 'man', 'tea']
woman ran man tea	['woman', 'ran', 'man', 'tea']	woman gave man tea	['woman', 'gave', 'man', 'tea']
woman blinked man tea	['woman', 'blinked', 'man', 'tea']	woman gave man tea	['woman', 'gave', 'man', 'tea']
woman slept man soup	['woman', 'slept', 'man', 'soup']	woman gave man soup	['woman', 'gave', 'man', 'soup']
woman sat man soup	['woman', 'sat', 'man', 'soup']	woman gave man soup	['woman', 'gave', 'man', 'soup']
woman ran man soup	['woman', 'ran', 'man', 'soup']	woman gave man soup	['woman', 'gave', 'man', 'soup']
woman blinked man soup	['woman', 'blinked', 'man', 'soup']	woman gave man soup	['woman', 'gave', 'man', 'soup']
woman slept man sugar	['woman', 'slept', 'man', 'sugar']	woman gave man sugar	['woman', 'gave', 'man', 'sugar']
woman sat man sugar	['woman', 'sat', 'man', 'sugar']	woman gave man sugar	['woman', 'gave', 'man', 'sugar']
woman ran man sugar	['woman', 'ran', 'man', 'sugar']	woman gave man sugar	['woman', 'gave', 'man', 'sugar']
woman blinked man sugar	['woman', 'blinked', 'man', 'sugar']	woman gave man sugar	['woman', 'gave', 'man', 'sugar']
woman slept man book	['woman', 'slept', 'man', 'book']	woman gave man book	['woman', 'gave', 'man', 'book']
woman sat man book	['woman', 'sat', 'man', 'book']	woman gave man book	['woman', 'gave', 'man', 'book']
woman ran man book	['woman', 'ran', 'man', 'book']	woman gave man book	['woman', 'gave', 'man', 'book']
woman blinked man book	['woman', 'blinked', 'man', 'book']	woman gave man book	['woman', 'gave', 'man', 'book']
woman slept man letter	['woman', 'slept', 'man', 'letter']	woman gave man letter	['woman', 'gave', 'man', 'letter']
woman sat man letter	['woman', 'sat', 'man', 'letter']	woman gave man letter	['woman', 'gave', 'man', 'letter']
woman ran man letter	['woman', 'ran', 'man', 'letter']	woman gave man letter	['woman', 'gave', 'man', 'letter']
woman blinked man letter	['woman', 'blinked', 'man', 'letter']	woman gave man letter	['woman', 'gave', 'man', 'letter']
woman slept man package	['woman', 'slept', 'man', 'package']	woman gave man package	['woman', 'gave', 'man', 'package']
woman sat man package	['woman', 'sat', 'man', 'package']	woman gave man package	['woman', 'gave', 'man', 'package']
woman ran man package	['woman', 'ran', 'man', 'package']	woman gave man package	['woman', 'gave', 'man', 'package']
woman blinked man package	['woman', 'blinked', 'man', 'package']	woman gave man package	['woman', 'gave', 'man', 'package']
woman slept man gift	['woman', 'slept', 'man', 'gift']	woman gave man gift	['woman', 'gave', 'man', 'gift']
woman sat man gift	['woman', 'sat', 'man', 'gift']	woman gave man gift	['woman', 'gave', 'man', 'gift']
woman ran man gift	['woman', 'ran', 'man', 'gift']	woman gave man gift	['woman', 'gave', 'man', 'gift']
woman blinked man gift	['woman', 'blinked', 'man', 'gift']	woman gave man gift	['woman', 'gave', 'man', 'gift']
woman slept woman eggs	['woman', 'slept', 'woman', 'eggs']	woman gave woman eggs	['woman', 'gave', 'woman', 'eggs']
woman sat woman eggs	['woman', 'sat', 'woman', 'eggs']	woman gave woman eggs	['woman', 'gave', 'woman', 'eggs']
woman ran woman eggs	['woman', 'ran', 'woman', 'eggs']	woman gave woman eggs	['woman', 'gave', 'woman', 'eggs']
woman blinked woman eggs	['woman', 'blinked', 'woman', 'eggs']	woman gave woman eggs	['woman', 'gave', 'woman', 'eggs']
woman slept woman toast	['woman', 'slept', 'woman', 'toast']	woman gave woman toast	['woman', 'gave', 'woman', 'toast']
woman sat woman toast	['woman', 'sat', 'woman', 'toast']	woman gave woman toast	['woman', 'gave', 'woman', 'toast']
woman ran woman toast	['woman', 'ran', 'woman', 'toast']	woman gave woman toast	['woman', 'gave', 'woman', 'toast']
woman blinked woman toast	['woman', 'blinked', 'woman', 'toast']	woman gave woman toast	['woman', 'gave', 'woman', 'toast']
woman slept woman pizza	['woman', 'slept', 'woman', 'pizza']	woman gave woman pizza	['woman', 'gave', 'woman', 'pizza']
woman sat woman pizza	['woman', 'sat', 'woman', 'pizza']	woman gave woman pizza	['woman', 'gave', 'woman', 'pizza']
woman ran woman pizza	['woman', 'ran', 'woman', 'pizza']	woman gave woman pizza	['woman', 'gave', 'woman', 'pizza']
woman blinked woman pizza	['woman', 'blinked', 'woman', 'pizza']	woman gave woman pizza	['woman', 'gave', 'woman', 'pizza']
woman slept woman coffee	['woman', 'slept', 'woman', 'coffee']	woman gave woman coffee	['woman', 'gave', 'woman', 'coffee']
woman sat woman coffee	['woman', 'sat', 'woman', 'coffee']	woman gave woman coffee	['woman', 'gave', 'woman', 'coffee']
woman ran woman coffee	['woman', 'ran', 'woman', 'coffee']	woman gave woman coffee	['woman', 'gave', 'woman', 'coffee']
woman blinked woman coffee	['woman', 'blinked', 'woman', 'coffee']	woman gave woman coffee	['woman', 'gave', 'woman', 'coffee']
woman slept woman tea	['woman', 'slept', 'woman', 'tea']	woman gave woman tea	['woman', 'gave', 'woman', 'tea']
woman sat woman tea	['woman', 'sat', 'woman', 'tea']	woman gave woman tea	['woman', 'gave', 'woman', 'tea']
woman ran woman tea	['woman', 'ran', 'woman', 'tea']	woman gave woman tea	['woman', 'gave', 'woman', 'tea']
woman blinked woman tea	['woman', 'blinked', 'woman', 'tea']	woman gave woman tea	['woman', 'gave', 'woman', 'tea']
woman slept woman soup	['woman', 'slept', 'woman', 'soup']	woman gave woman soup	['woman', 'gave', 'woman', 'soup']
woman sat woman soup	['woman', 'sat', 'woman', 'soup']	woman gave woman soup	['woman', 'gave', 'woman', 'soup']
woman ran woman soup	['woman', 'ran', 'woman', 'soup']	woman gave woman soup	['woman', 'gave', 'woman', 'soup']
woman blinked woman soup	['woman', 'blinked', 'woman', 'soup']	woman gave woman soup	['woman', 'gave', 'woman', 'soup']
woman slept woman sugar	['woman', 'slept', 'woman', 'sugar']	woman gave woman sugar	['woman', 'gave', 'woman', 'sugar']
woman sat woman sugar	['woman', 'sat', 'woman', 'sugar']	woman gave woman sugar	['woman', 'gave', 'woman', 'sugar']
woman ran woman sugar	['woman', 'ran', 'woman', 'sugar']	woman gave woman sugar	['woman', 'gave', 'woman', 'sugar']
woman blinked woman sugar	['woman', 'blinked', 'woman', 'sugar']	woman gave woman sugar	['woman', 'gave', 'woman', 'sugar']
woman slept woman book	['woman', 'slept', 'woman', 'book']	woman gave woman book	['woman', 'gave', 'woman', 'book']
woman sat woman book	['woman', 'sat', 'woman', 'book']	woman gave woman book	['woman', 'gave', 'woman', 'book']
woman ran woman book	['woman', 'ran', 'woman', 'book']	woman gave woman book	['woman', 'gave', 'woman', 'book']
woman blinked woman book	['woman', 'blinked', 'woman', 'book']	woman gave woman book	['woman', 'gave', 'woman', 'book']
woman slept woman letter	['woman', 'slept', 'woman', 'letter']	woman gave woman letter	['woman', 'gave', 'woman', 'letter']
woman sat woman letter	['woman', 'sat', 'woman', 'letter']	woman gave woman letter	['woman', 'gave', 'woman', 'letter']
woman ran woman letter	['woman', 'ran', 'woman', 'letter']	woman gave woman letter	['woman', 'gave', 'woman', 'letter']
woman blinked woman letter	['woman', 'blinked', 'woman', 'letter']	woman gave woman letter	['woman', 'gave', 'woman', 'letter']
woman slept woman package	['woman', 'slept', 'woman', 'package']	woman gave woman package	['woman', 'gave', 'woman', 'package']
woman sat woman package	['woman', 'sat', 'woman', 'package']	woman gave woman package	['woman', 'gave', 'woman', 'package']
woman ran woman package	['woman', 'ran', 'woman', 'package']	woman gave woman package	['woman', 'gave', 'woman', 'package']
woman blinked woman package	['woman', 'blinked', 'woman', 'package']	woman gave woman package	['woman', 'gave', 'woman', 'package']
woman slept woman gift	['woman', 'slept', 'woman', 'gift']	woman gave woman gift	['woman', 'gave', 'woman', 'gift']
woman sat woman gift	['woman', 'sat', 'woman', 'gift']	woman gave woman gift	['woman', 'gave', 'woman', 'gift']
woman ran woman gift	['woman', 'ran', 'woman', 'gift']	woman gave woman gift	['woman', 'gave', 'woman', 'gift']
woman blinked woman gift	['woman', 'blinked', 'woman', 'gift']	woman gave woman gift	['woman', 'gave', 'woman', 'gift']
woman slept boy eggs	['woman', 'slept', 'boy', 'eggs']	woman gave boy eggs	['woman', 'gave', 'boy', 'eggs']
woman sat boy eggs	['woman', 'sat', 'boy', 'eggs']	woman gave boy eggs	['woman', 'gave', 'boy', 'eggs']
woman ran boy eggs	['woman', 'ran', 'boy', 'eggs']	woman gave boy eggs	['woman', 'gave', 'boy', 'eggs']
woman blinked boy eggs	['woman', 'blinked', 'boy', 'eggs']	woman gave boy eggs	['woman', 'gave', 'boy', 'eggs']
woman slept boy toast	['woman', 'slept', 'boy', 'toast']	woman gave boy toast	['woman', 'gave', 'boy', 'toast']
woman sat boy toast	['woman', 'sat', 'boy', 'toast']	woman gave boy toast	['woman', 'gave', 'boy', 'toast']
woman ran boy toast	['woman', 'ran', 'boy', 'toast']	woman gave boy toast	['woman', 'gave', 'boy', 'toast']
woman blinked boy toast	['woman', 'blinked', 'boy', 'toast']	woman gave boy toast	['woman', 'gave', 'boy', 'toast']
woman slept boy pizza	['woman', 'slept', 'boy', 'pizza']	woman gave boy pizza	['woman', 'gave', 'boy', 'pizza']
woman sat boy pizza	['woman', 'sat', 'boy', 'pizza']	woman gave boy pizza	['woman', 'gave', 'boy', 'pizza']
woman ran boy pizza	['woman', 'ran', 'boy', 'pizza']	woman gave boy pizza	['woman', 'gave', 'boy', 'pizza']
woman blinked boy pizza	['woman', 'blinked', 'boy', 'pizza']	woman gave boy pizza	['woman', 'gave', 'boy', 'pizza']
woman slept boy coffee	['woman', 'slept', 'boy', 'coffee']	woman gave boy coffee	['woman', 'gave', 'boy', 'coffee']
woman sat boy coffee	['woman', 'sat', 'boy', 'coffee']	woman gave boy coffee	['woman', 'gave', 'boy', 'coffee']
woman ran boy coffee	['woman', 'ran', 'boy', 'coffee']	woman gave boy coffee	['woman', 'gave', 'boy', 'coffee']
woman blinked boy coffee	['woman', 'blinked', 'boy', 'coffee']	woman gave boy coffee	['woman', 'gave', 'boy', 'coffee']
woman slept boy tea	['woman', 'slept', 'boy', 'tea']	woman gave boy tea	['woman', 'gave', 'boy', 'tea']
woman sat boy tea	['woman', 'sat', 'boy', 'tea']	woman gave boy tea	['woman', 'gave', 'boy', 'tea']
woman ran boy tea	['woman', 'ran', 'boy', 'tea']	woman gave boy tea	['woman', 'gave', 'boy', 'tea']
woman blinked boy tea	['woman', 'blinked', 'boy', 'tea']	woman gave boy tea	['woman', 'gave', 'boy', 'tea']
woman slept boy soup	['woman', 'slept', 'boy', 'soup']	woman gave boy soup	['woman', 'gave', 'boy', 'soup']
woman sat boy soup	['woman', 'sat', 'boy', 'soup']	woman gave boy soup	['woman', 'gave', 'boy', 'soup']
woman ran boy soup	['woman', 'ran', 'boy', 'soup']	woman gave boy soup	['woman', 'gave', 'boy', 'soup']
woman blinked boy soup	['woman', 'blinked', 'boy', 'soup']	woman gave boy soup	['woman', 'gave', 'boy', 'soup']
woman slept boy sugar	['woman', 'slept', 'boy', 'sugar']	woman gave boy sugar	['woman', 'gave', 'boy', 'sugar']
woman sat boy sugar	['woman', 'sat', 'boy', 'sugar']	woman gave boy sugar	['woman', 'gave', 'boy', 'sugar']
woman ran boy sugar	['woman', 'ran', 'boy', 'sugar']	woman gave boy sugar	['woman', 'gave', 'boy', 'sugar']
woman blinked boy sugar	['woman', 'blinked', 'boy', 'sugar']	woman gave boy sugar	['woman', 'gave', 'boy', 'sugar']
woman slept boy book	['woman', 'slept', 'boy', 'book']	woman gave boy book	['woman', 'gave', 'boy', 'book']
woman sat boy book	['woman', 'sat', 'boy', 'book']	woman gave boy book	['woman', 'gave', 'boy', 'book']
woman ran boy book	['woman', 'ran', 'boy', 'book']	woman gave boy book	['woman', 'gave', 'boy', 'book']
woman blinked boy book	['woman', 'blinked', 'boy', 'book']	woman gave boy book	['woman', 'gave', 'boy', 'book']
woman slept boy letter	['woman', 'slept', 'boy', 'letter']	woman gave boy letter	['woman', 'gave', 'boy', 'letter']
woman sat boy letter	['woman', 'sat', 'boy', 'letter']	woman gave boy letter	['woman', 'gave', 'boy', 'letter']
woman ran boy letter	['woman', 'ran', 'boy', 'letter']	woman gave boy letter	['woman', 'gave', 'boy', 'letter']
woman blinked boy letter	['woman', 'blinked', 'boy', 'letter']	woman gave boy letter	['woman', 'gave', 'boy', 'letter']
woman slept boy package	['woman', 'slept', 'boy', 'package']	woman gave boy package	['woman', 'gave', 'boy', 'package']
woman sat boy package	['woman', 'sat', 'boy', 'package']	woman gave boy package	['woman', 'gave', 'boy', 'package']
woman ran boy package	['woman', 'ran', 'boy', 'package']	woman gave boy package	['woman', 'gave', 'boy', 'package']
woman blinked boy package	['woman', 'blinked', 'boy', 'package']	woman gave boy package	['woman', 'gave', 'boy', 'package']
woman slept boy gift	['woman', 'slept', 'boy', 'gift']	woman gave boy gift	['woman', 'gave', 'boy', 'gift']
woman sat boy gift	['woman', 'sat', 'boy', 'gift']	woman gave boy gift	['woman', 'gave', 'boy', 'gift']
woman ran boy gift	['woman', 'ran', 'boy', 'gift']	woman gave boy gift	['woman', 'gave', 'boy', 'gift']
woman blinked boy gift	['woman', 'blinked', 'boy', 'gift']	woman gave boy gift	['woman', 'gave', 'boy', 'gift']
woman slept girl eggs	['woman', 'slept', 'girl', 'eggs']	woman gave girl eggs	['woman', 'gave', 'girl', 'eggs']
woman sat girl eggs	['woman', 'sat', 'girl', 'eggs']	woman gave girl eggs	['woman', 'gave', 'girl', 'eggs']
woman ran girl eggs	['woman', 'ran', 'girl', 'eggs']	woman gave girl eggs	['woman', 'gave', 'girl', 'eggs']
woman blinked girl eggs	['woman', 'blinked', 'girl', 'eggs']	woman gave girl eggs	['woman', 'gave', 'girl', 'eggs']
woman slept girl toast	['woman', 'slept', 'girl', 'toast']	woman gave girl toast	['woman', 'gave', 'girl', 'toast']
woman sat girl toast	['woman', 'sat', 'girl', 'toast']	woman gave girl toast	['woman', 'gave', 'girl', 'toast']
woman ran girl toast	['woman', 'ran', 'girl', 'toast']	woman gave girl toast	['woman', 'gave', 'girl', 'toast']
woman blinked girl toast	['woman', 'blinked', 'girl', 'toast']	woman gave girl toast	['woman', 'gave', 'girl', 'toast']
woman slept girl pizza	['woman', 'slept', 'girl', 'pizza']	woman gave girl pizza	['woman', 'gave', 'girl', 'pizza']
woman sat girl pizza	['woman', 'sat', 'girl', 'pizza']	woman gave girl pizza	['woman', 'gave', 'girl', 'pizza']
woman ran girl pizza	['woman', 'ran', 'girl', 'pizza']	woman gave girl pizza	['woman', 'gave', 'girl', 'pizza']
woman blinked girl pizza	['woman', 'blinked', 'girl', 'pizza']	woman gave girl pizza	['woman', 'gave', 'girl', 'pizza']
woman slept girl coffee	['woman', 'slept', 'girl', 'coffee']	woman gave girl coffee	['woman', 'gave', 'girl', 'coffee']
woman sat girl coffee	['woman', 'sat', 'girl', 'coffee']	woman gave girl coffee	['woman', 'gave', 'girl', 'coffee']
woman ran girl coffee	['woman', 'ran', 'girl', 'coffee']	woman gave girl coffee	['woman', 'gave', 'girl', 'coffee']
woman blinked girl coffee	['woman', 'blinked', 'girl', 'coffee']	woman gave girl coffee	['woman', 'gave', 'girl', 'coffee']
woman slept girl tea	['woman', 'slept', 'girl', 'tea']	woman gave girl tea	['woman', 'gave', 'girl', 'tea']
woman sat girl tea	['woman', 'sat', 'girl', 'tea']	woman gave girl tea	['woman', 'gave', 'girl', 'tea']
woman ran girl tea	['woman', 'ran', 'girl', 'tea']	woman gave girl tea	['woman', 'gave', 'girl', 'tea']
woman blinked girl tea	['woman', 'blinked', 'girl', 'tea']	woman gave girl tea	['woman', 'gave', 'girl', 'tea']
woman slept girl soup	['woman', 'slept', 'girl', 'soup']	woman gave girl soup	['woman', 'gave', 'girl', 'soup']
woman sat girl soup	['woman', 'sat', 'girl', 'soup']	woman gave girl soup	['woman', 'gave', 'girl', 'soup']
woman ran girl soup	['woman', 'ran', 'girl', 'soup']	woman gave girl soup	['woman', 'gave', 'girl', 'soup']
woman blinked girl soup	['woman', 'blinked', 'girl', 'soup']	woman gave girl soup	['woman', 'gave', 'girl', 'soup']
woman slept girl sugar	['woman', 'slept', 'girl', 'sugar']	woman gave girl sugar	['woman', 'gave', 'girl', 'sugar']
woman sat girl sugar	['woman', 'sat', 'girl', 'sugar']	woman gave girl sugar	['woman', 'gave', 'girl', 'sugar']
woman ran girl sugar	['woman', 'ran', 'girl', 'sugar']	woman gave girl sugar	['woman', 'gave', 'girl', 'sugar']
woman blinked girl sugar	['woman', 'blinked', 'girl', 'sugar']	woman gave girl sugar	['woman', 'gave', 'girl', 'sugar']
woman slept girl book	['woman', 'slept', 'girl', 'book']	woman gave girl book	['woman', 'gave', 'girl', 'book']
woman sat girl book	['woman', 'sat', 'girl', 'book']	woman gave girl book	['woman', 'gave', 'girl', 'book']
woman ran girl book	['woman', 'ran', 'girl', 'book']	woman gave girl book	['woman', 'gave', 'girl', 'book']
woman blinked girl book	['woman', 'blinked', 'girl', 'book']	woman gave girl book	['woman', 'gave', 'girl', 'book']
woman slept girl letter	['woman', 'slept', 'girl', 'letter']	woman gave girl letter	['woman', 'gave', 'girl', 'letter']
woman sat girl letter	['woman', 'sat', 'girl', 'letter']	woman gave girl letter	['woman', 'gave', 'girl', 'letter']
woman ran girl letter	['woman', 'ran', 'girl', 'letter']	woman gave girl letter	['woman', 'gave', 'girl', 'letter']
woman blinked girl letter	['woman', 'blinked', 'girl', 'letter']	woman gave girl letter	['woman', 'gave', 'girl', 'letter']
woman slept girl package	['woman', 'slept', 'girl', 'package']	woman gave girl package	['woman', 'gave', 'girl', 'package']
woman sat girl package	['woman', 'sat', 'girl', 'package']	woman gave girl package	['woman', 'gave', 'girl', 'package']
woman ran girl package	['woman', 'ran', 'girl', 'package']	woman gave girl package	['woman', 'gave', 'girl', 'package']
woman blinked girl package	['woman', 'blinked', 'girl', 'package']	woman gave girl package	['woman', 'gave', 'girl', 'package']
woman slept girl gift	['woman', 'slept', 'girl', 'gift']	woman gave girl gift	['woman', 'gave', 'girl', 'gift']
woman sat girl gift	['woman', 'sat', 'girl', 'gift']	woman gave girl gift	['woman', 'gave', 'girl', 'gift']
woman ran girl gift	['woman', 'ran', 'girl', 'gift']	woman gave girl gift	['woman', 'gave', 'girl', 'gift']
woman blinked girl gift	['woman', 'blinked', 'girl', 'gift']	woman gave girl gift	['woman', 'gave', 'girl', 'gift']
boy slept man eggs	['boy', 'slept', 'man', 'eggs']	boy gave man eggs	['boy', 'gave', 'man', 'eggs']
boy sat man eggs	['boy', 'sat', 'man', 'eggs']	boy gave man eggs	['boy', 'gave', 'man', 'eggs']
boy ran man eggs	['boy', 'ran', 'man', 'eggs']	boy gave man eggs	['boy', 'gave', 'man', 'eggs']
boy blinked man eggs	['boy', 'blinked', 'man', 'eggs']	boy gave man eggs	['boy', 'gave', 'man', 'eggs']
boy slept man toast	['boy', 'slept', 'man', 'toast']	boy gave man toast	['boy', 'gave', 'man', 'toast']
boy sat man toast	['boy', 'sat', 'man', 'toast']	boy gave man toast	['boy', 'gave', 'man', 'toast']
boy ran man toast	['boy', 'ran', 'man', 'toast']	boy gave man toast	['boy', 'gave', 'man', 'toast']
boy blinked man toast	['boy', 'blinked', 'man', 'toast']	boy gave man toast	['boy', 'gave', 'man', 'toast']
boy slept man pizza	['boy', 'slept', 'man', 'pizza']	boy gave man pizza	['boy', 'gave', 'man', 'pizza']
boy sat man pizza	['boy', 'sat', 'man', 'pizza']	boy gave man pizza	['boy', 'gave', 'man', 'pizza']
boy ran man pizza	['boy', 'ran', 'man', 'pizza']	boy gave man pizza	['boy', 'gave', 'man', 'pizza']
boy blinked man pizza	['boy', 'blinked', 'man', 'pizza']	boy gave man pizza	['boy', 'gave', 'man', 'pizza']
boy slept man coffee	['boy', 'slept', 'man', 'coffee']	boy gave man coffee	['boy', 'gave', 'man', 'coffee']
boy sat man coffee	['boy', 'sat', 'man', 'coffee']	boy gave man coffee	['boy', 'gave', 'man', 'coffee']
boy ran man coffee	['boy', 'ran', 'man', 'coffee']	boy gave man coffee	['boy', 'gave', 'man', 'coffee']
boy blinked man coffee	['boy', 'blinked', 'man', 'coffee']	boy gave man coffee	['boy', 'gave', 'man', 'coffee']
boy slept man tea	['boy', 'slept', 'man', 'tea']	boy gave man tea	['boy', 'gave', 'man', 'tea']
boy sat man tea	['boy', 'sat', 'man', 'tea']	boy gave man tea	['boy', 'gave', 'man', 'tea']
boy ran man tea	['boy', 'ran', 'man', 'tea']	boy gave man tea	['boy', 'gave', 'man', 'tea']
boy blinked man tea	['boy', 'blinked', 'man', 'tea']	boy gave man tea	['boy', 'gave', 'man', 'tea']
boy slept man soup	['boy', 'slept', 'man', 'soup']	boy gave man soup	['boy', 'gave', 'man', 'soup']
boy sat man soup	['boy', 'sat', 'man', 'soup']	boy gave man soup	['boy', 'gave', 'man', 'soup']
boy ran man soup	['boy', 'ran', 'man', 'soup']	boy gave man soup	['boy', 'gave', 'man', 'soup']
boy blinked man soup	['boy', 'blinked', 'man', 'soup']	boy gave man soup	['boy', 'gave', 'man', 'soup']
boy slept man sugar	['boy', 'slept', 'man', 'sugar']	boy gave man sugar	['boy', 'gave', 'man', 'sugar']
boy sat man sugar	['boy', 'sat', 'man', 'sugar']	boy gave man sugar	['boy', 'gave', 'man', 'sugar']
boy ran man sugar	['boy', 'ran', 'man', 'sugar']	boy gave man sugar	['boy', 'gave', 'man', 'sugar']
boy blinked man sugar	['boy', 'blinked', 'man', 'sugar']	boy gave man sugar	['boy', 'gave', 'man', 'sugar']
boy slept man book	['boy', 'slept', 'man', 'book']	boy gave man book	['boy', 'gave', 'man', 'book']
boy sat man book	['boy', 'sat', 'man', 'book']	boy gave man book	['boy', 'gave', 'man', 'book']
boy ran man book	['boy', 'ran', 'man', 'book']	boy gave man book	['boy', 'gave', 'man', 'book']
boy blinked man book	['boy', 'blinked', 'man', 'book']	boy gave man book	['boy', 'gave', 'man', 'book']
boy slept man letter	['boy', 'slept', 'man', 'letter']	boy gave man letter	['boy', 'gave', 'man', 'letter']
boy sat man letter	['boy', 'sat', 'man', 'letter']	boy gave man letter	['boy', 'gave', 'man', 'letter']
boy ran man letter	['boy', 'ran', 'man', 'letter']	boy gave man letter	['boy', 'gave', 'man', 'letter']
boy blinked man letter	['boy', 'blinked', 'man', 'letter']	boy gave man letter	['boy', 'gave', 'man', 'letter']
boy slept man package	['boy', 'slept', 'man', 'package']	boy gave man package	['boy', 'gave', 'man', 'package']
boy sat man package	['boy', 'sat', 'man', 'package']	boy gave man package	['boy', 'gave', 'man', 'package']
boy ran man package	['boy', 'ran', 'man', 'package']	boy gave man package	['boy', 'gave', 'man', 'package']
boy blinked man package	['boy', 'blinked', 'man', 'package']	boy gave man package	['boy', 'gave', 'man', 'package']
boy slept man gift	['boy', 'slept', 'man', 'gift']	boy gave man gift	['boy', 'gave', 'man', 'gift']
boy sat man gift	['boy', 'sat', 'man', 'gift']	boy gave man gift	['boy', 'gave', 'man', 'gift']
boy ran man gift	['boy', 'ran', 'man', 'gift']	boy gave man gift	['boy', 'gave', 'man', 'gift']
boy blinked man gift	['boy', 'blinked', 'man', 'gift']	boy gave man gift	['boy', 'gave', 'man', 'gift']
boy slept woman eggs	['boy', 'slept', 'woman', 'eggs']	boy gave woman eggs	['boy', 'gave', 'woman', 'eggs']
boy sat woman eggs	['boy', 'sat', 'woman', 'eggs']	boy gave woman eggs	['boy', 'gave', 'woman', 'eggs']
boy ran woman eggs	['boy', 'ran', 'woman', 'eggs']	boy gave woman eggs	['boy', 'gave', 'woman', 'eggs']
boy blinked woman eggs	['boy', 'blinked', 'woman', 'eggs']	boy gave woman eggs	['boy', 'gave', 'woman', 'eggs']
boy slept woman toast	['boy', 'slept', 'woman', 'toast']	boy gave woman toast	['boy', 'gave', 'woman', 'toast']
boy sat woman toast	['boy', 'sat', 'woman', 'toast']	boy gave woman toast	['boy', 'gave', 'woman', 'toast']
boy ran woman toast	['boy', 'ran', 'woman', 'toast']	boy gave woman toast	['boy', 'gave', 'woman', 'toast']
boy blinked woman toast	['boy', 'blinked', 'woman', 'toast']	boy gave woman toast	['boy', 'gave', 'woman', 'toast']
boy slept woman pizza	['boy', 'slept', 'woman', 'pizza']	boy gave woman pizza	['boy', 'gave', 'woman', 'pizza']
boy sat woman pizza	['boy', 'sat', 'woman', 'pizza']	boy gave woman pizza	['boy', 'gave', 'woman', 'pizza']
boy ran woman pizza	['boy', 'ran', 'woman', 'pizza']	boy gave woman pizza	['boy', 'gave', 'woman', 'pizza']
boy blinked woman pizza	['boy', 'blinked', 'woman', 'pizza']	boy gave woman pizza	['boy', 'gave', 'woman', 'pizza']
boy slept woman coffee	['boy', 'slept', 'woman', 'coffee']	boy gave woman coffee	['boy', 'gave', 'woman', 'coffee']
boy sat woman coffee	['boy', 'sat', 'woman', 'coffee']	boy gave woman coffee	['boy', 'gave', 'woman', 'coffee']
boy ran woman coffee	['boy', 'ran', 'woman', 'coffee']	boy gave woman coffee	['boy', 'gave', 'woman', 'coffee']
boy blinked woman coffee	['boy', 'blinked', 'woman', 'coffee']	boy gave woman coffee	['boy', 'gave', 'woman', 'coffee']
boy slept woman tea	['boy', 'slept', 'woman', 'tea']	boy gave woman tea	['boy', 'gave', 'woman', 'tea']
boy sat woman tea	['boy', 'sat', 'woman', 'tea']	boy gave woman tea	['boy', 'gave', 'woman', 'tea']
boy ran woman tea	['boy', 'ran', 'woman', 'tea']	boy gave woman tea	['boy', 'gave', 'woman', 'tea']
boy blinked woman tea	['boy', 'blinked', 'woman', 'tea']	boy gave woman tea	['boy', 'gave', 'woman', 'tea']
boy slept woman soup	['boy', 'slept', 'woman', 'soup']	boy gave woman soup	['boy', 'gave', 'woman', 'soup']
boy sat woman soup	['boy', 'sat', 'woman', 'soup']	boy gave woman soup	['boy', 'gave', 'woman', 'soup']
boy ran woman soup	['boy', 'ran', 'woman', 'soup']	boy gave woman soup	['boy', 'gave', 'woman', 'soup']
boy blinked woman soup	['boy', 'blinked', 'woman', 'soup']	boy gave woman soup	['boy', 'gave', 'woman', 'soup']
boy slept woman sugar	['boy', 'slept', 'woman', 'sugar']	boy gave woman sugar	['boy', 'gave', 'woman', 'sugar']
boy sat woman sugar	['boy', 'sat', 'woman', 'sugar']	boy gave woman sugar	['boy', 'gave', 'woman', 'sugar']
boy ran woman sugar	['boy', 'ran', 'woman', 'sugar']	boy gave woman sugar	['boy', 'gave', 'woman', 'sugar']
boy blinked woman sugar	['boy', 'blinked', 'woman', 'sugar']	boy gave woman sugar	['boy', 'gave', 'woman', 'sugar']
boy slept woman book	['boy', 'slept', 'woman', 'book']	boy gave woman book	['boy', 'gave', 'woman', 'book']
boy sat woman book	['boy', 'sat', 'woman', 'book']	boy gave woman book	['boy', 'gave', 'woman', 'book']
boy ran woman book	['boy', 'ran', 'woman', 'book']	boy gave woman book	['boy', 'gave', 'woman', 'book']
boy blinked woman book	['boy', 'blinked', 'woman', 'book']	boy gave woman book	['boy', 'gave', 'woman', 'book']
boy slept woman letter	['boy', 'slept', 'woman', 'letter']	boy gave woman letter	['boy', 'gave', 'woman', 'letter']
boy sat woman letter	['boy', 'sat', 'woman', 'letter']	boy gave woman letter	['boy', 'gave', 'woman', 'letter']
boy ran woman letter	['boy', 'ran', 'woman', 'letter']	boy gave woman letter	['boy', 'gave', 'woman', 'letter']
boy blinked woman letter	['boy', 'blinked', 'woman', 'letter']	boy gave woman letter	['boy', 'gave', 'woman', 'letter']
boy slept woman package	['boy', 'slept', 'woman', 'package']	boy gave woman package	['boy', 'gave', 'woman', 'package']
boy sat woman package	['boy', 'sat', 'woman', 'package']	boy gave woman package	['boy', 'gave', 'woman', 'package']
boy ran woman package	['boy', 'ran', 'woman', 'package']	boy gave woman package	['boy', 'gave', 'woman', 'package']
boy blinked woman package	['boy', 'blinked', 'woman', 'package']	boy gave woman package	['boy', 'gave', 'woman', 'package']
boy slept woman gift	['boy', 'slept', 'woman', 'gift']	boy gave woman gift	['boy', 'gave', 'woman', 'gift']
boy sat woman gift	['boy', 'sat', 'woman', 'gift']	boy gave woman gift	['boy', 'gave', 'woman', 'gift']
boy ran woman gift	['boy', 'ran', 'woman', 'gift']	boy gave woman gift	['boy', 'gave', 'woman', 'gift']
boy blinked woman gift	['boy', 'blinked', 'woman', 'gift']	boy gave woman gift	['boy', 'gave', 'woman', 'gift']
boy slept boy eggs	['boy', 'slept', 'boy', 'eggs']	boy gave boy eggs	['boy', 'gave', 'boy', 'eggs']
boy sat boy eggs	['boy', 'sat', 'boy', 'eggs']	boy gave boy eggs	['boy', 'gave', 'boy', 'eggs']
boy ran boy eggs	['boy', 'ran', 'boy', 'eggs']	boy gave boy eggs	['boy', 'gave', 'boy', 'eggs']
boy blinked boy eggs	['boy', 'blinked', 'boy', 'eggs']	boy gave boy eggs	['boy', 'gave', 'boy', 'eggs']
boy slept boy toast	['boy', 'slept', 'boy', 'toast']	boy gave boy toast	['boy', 'gave', 'boy', 'toast']
boy sat boy toast	['boy', 'sat', 'boy', 'toast']	boy gave boy toast	['boy', 'gave', 'boy', 'toast']
boy ran boy toast	['boy', 'ran', 'boy', 'toast']	boy gave boy toast	['boy', 'gave', 'boy', 'toast']
boy blinked boy toast	['boy', 'blinked', 'boy', 'toast']	boy gave boy toast	['boy', 'gave', 'boy', 'toast']
boy slept boy pizza	['boy', 'slept', 'boy', 'pizza']	boy gave boy pizza	['boy', 'gave', 'boy', 'pizza']
boy sat boy pizza	['boy', 'sat', 'boy', 'pizza']	boy gave boy pizza	['boy', 'gave', 'boy', 'pizza']
boy ran boy pizza	['boy', 'ran', 'boy', 'pizza']	boy gave boy pizza	['boy', 'gave', 'boy', 'pizza']
boy blinked boy pizza	['boy', 'blinked', 'boy', 'pizza']	boy gave boy pizza	['boy', 'gave', 'boy', 'pizza']
boy slept boy coffee	['boy', 'slept', 'boy', 'coffee']	boy gave boy coffee	['boy', 'gave', 'boy', 'coffee']
boy sat boy coffee	['boy', 'sat', 'boy', 'coffee']	boy gave boy coffee	['boy', 'gave', 'boy', 'coffee']
boy ran boy coffee	['boy', 'ran', 'boy', 'coffee']	boy gave boy coffee	['boy', 'gave', 'boy', 'coffee']
boy blinked boy coffee	['boy', 'blinked', 'boy', 'coffee']	boy gave boy coffee	['boy', 'gave', 'boy', 'coffee']
boy slept boy tea	['boy', 'slept', 'boy', 'tea']	boy gave boy tea	['boy', 'gave', 'boy', 'tea']
boy sat boy tea	['boy', 'sat', 'boy', 'tea']	boy gave boy tea	['boy', 'gave', 'boy', 'tea']
boy ran boy tea	['boy', 'ran', 'boy', 'tea']	boy gave boy tea	['boy', 'gave', 'boy', 'tea']
boy blinked boy tea	['boy', 'blinked', 'boy', 'tea']	boy gave boy tea	['boy', 'gave', 'boy', 'tea']
boy slept boy soup	['boy', 'slept', 'boy', 'soup']	boy gave boy soup	['boy', 'gave', 'boy', 'soup']
boy sat boy soup	['boy', 'sat', 'boy', 'soup']	boy gave boy soup	['boy', 'gave', 'boy', 'soup']
boy ran boy soup	['boy', 'ran', 'boy', 'soup']	boy gave boy soup	['boy', 'gave', 'boy', 'soup']
boy blinked boy soup	['boy', 'blinked', 'boy', 'soup']	boy gave boy soup	['boy', 'gave', 'boy', 'soup']
boy slept boy sugar	['boy', 'slept', 'boy', 'sugar']	boy gave boy sugar	['boy', 'gave', 'boy', 'sugar']
boy sat boy sugar	['boy', 'sat', 'boy', 'sugar']	boy gave boy sugar	['boy', 'gave', 'boy', 'sugar']
boy ran boy sugar	['boy', 'ran', 'boy', 'sugar']	boy gave boy sugar	['boy', 'gave', 'boy', 'sugar']
boy blinked boy sugar	['boy', 'blinked', 'boy', 'sugar']	boy gave boy sugar	['boy', 'gave', 'boy', 'sugar']
boy slept boy book	['boy', 'slept', 'boy', 'book']	boy gave boy book	['boy', 'gave', 'boy', 'book']
boy sat boy book	['boy', 'sat', 'boy', 'book']	boy gave boy book	['boy', 'gave', 'boy', 'book']
boy ran boy book	['boy', 'ran', 'boy', 'book']	boy gave boy book	['boy', 'gave', 'boy', 'book']
boy blinked boy book	['boy', 'blinked', 'boy', 'book']	boy gave boy book	['boy', 'gave', 'boy', 'book']
boy slept boy letter	['boy', 'slept', 'boy', 'letter']	boy gave boy letter	['boy', 'gave', 'boy', 'letter']
boy sat boy letter	['boy', 'sat', 'boy', 'letter']	boy gave boy letter	['boy', 'gave', 'boy', 'letter']
boy ran boy letter	['boy', 'ran', 'boy', 'letter']	boy gave boy letter	['boy', 'gave', 'boy', 'letter']
boy blinked boy letter	['boy', 'blinked', 'boy', 'letter']	boy gave boy letter	['boy', 'gave', 'boy', 'letter']
boy slept boy package	['boy', 'slept', 'boy', 'package']	boy gave boy package	['boy', 'gave', 'boy', 'package']
boy sat boy package	['boy', 'sat', 'boy', 'package']	boy gave boy package	['boy', 'gave', 'boy', 'package']
boy ran boy package	['boy', 'ran', 'boy', 'package']	boy gave boy package	['boy', 'gave', 'boy', 'package']
boy blinked boy package	['boy', 'blinked', 'boy', 'package']	boy gave boy package	['boy', 'gave', 'boy', 'package']
boy slept boy gift	['boy', 'slept', 'boy', 'gift']	boy gave boy gift	['boy', 'gave', 'boy', 'gift']
boy sat boy gift	['boy', 'sat', 'boy', 'gift']	boy gave boy gift	['boy', 'gave', 'boy', 'gift']
boy ran boy gift	['boy', 'ran', 'boy', 'gift']	boy gave boy gift	['boy', 'gave', 'boy', 'gift']
boy blinked boy gift	['boy', 'blinked', 'boy', 'gift']	boy gave boy gift	['boy', 'gave', 'boy', 'gift']
boy slept girl eggs	['boy', 'slept', 'girl', 'eggs']	boy gave girl eggs	['boy', 'gave', 'girl', 'eggs']
boy sat girl eggs	['boy', 'sat', 'girl', 'eggs']	boy gave girl eggs	['boy', 'gave', 'girl', 'eggs']
boy ran girl eggs	['boy', 'ran', 'girl', 'eggs']	boy gave girl eggs	['boy', 'gave', 'girl', 'eggs']
boy blinked girl eggs	['boy', 'blinked', 'girl', 'eggs']	boy gave girl eggs	['boy', 'gave', 'girl', 'eggs']
boy slept girl toast	['boy', 'slept', 'girl', 'toast']	boy gave girl toast	['boy', 'gave', 'girl', 'toast']
boy sat girl toast	['boy', 'sat', 'girl', 'toast']	boy gave girl toast	['boy', 'gave', 'girl', 'toast']
boy ran girl toast	['boy', 'ran', 'girl', 'toast']	boy gave girl toast	['boy', 'gave', 'girl', 'toast']
boy blinked girl toast	['boy', 'blinked', 'girl', 'toast']	boy gave girl toast	['boy', 'gave', 'girl', 'toast']
boy slept girl pizza	['boy', 'slept', 'girl', 'pizza']	boy gave girl pizza	['boy', 'gave', 'girl', 'pizza']
boy sat girl pizza	['boy', 'sat', 'girl', 'pizza']	boy gave girl pizza	['boy', 'gave', 'girl', 'pizza']
boy ran girl pizza	['boy', 'ran', 'girl', 'pizza']	boy gave girl pizza	['boy', 'gave', 'girl', 'pizza']
boy blinked girl pizza	['boy', 'blinked', 'girl', 'pizza']	boy gave girl pizza	['boy', 'gave', 'girl', 'pizza']
boy slept girl coffee	['boy', 'slept', 'girl', 'coffee']	boy gave girl coffee	['boy', 'gave', 'girl', 'coffee']
boy sat girl coffee	['boy', 'sat', 'girl', 'coffee']	boy gave girl coffee	['boy', 'gave', 'girl', 'coffee']
boy ran girl coffee	['boy', 'ran', 'girl', 'coffee']	boy gave girl coffee	['boy', 'gave', 'girl', 'coffee']
boy blinked girl coffee	['boy', 'blinked', 'girl', 'coffee']	boy gave girl coffee	['boy', 'gave', 'girl', 'coffee']
boy slept girl tea	['boy', 'slept', 'girl', 'tea']	boy gave girl tea	['boy', 'gave', 'girl', 'tea']
boy sat girl tea	['boy', 'sat', 'girl', 'tea']	boy gave girl tea	['boy', 'gave', 'girl', 'tea']
boy ran girl tea	['boy', 'ran', 'girl', 'tea']	boy gave girl tea	['boy', 'gave', 'girl', 'tea']
boy blinked girl tea	['boy', 'blinked', 'girl', 'tea']	boy gave girl tea	['boy', 'gave', 'girl', 'tea']
boy slept girl soup	['boy', 'slept', 'girl', 'soup']	boy gave girl soup	['boy', 'gave', 'girl', 'soup']
boy sat girl soup	['boy', 'sat', 'girl', 'soup']	boy gave girl soup	['boy', 'gave', 'girl', 'soup']
boy ran girl soup	['boy', 'ran', 'girl', 'soup']	boy gave girl soup	['boy', 'gave', 'girl', 'soup']
boy blinked girl soup	['boy', 'blinked', 'girl', 'soup']	boy gave girl soup	['boy', 'gave', 'girl', 'soup']
boy slept girl sugar	['boy', 'slept', 'girl', 'sugar']	boy gave girl sugar	['boy', 'gave', 'girl', 'sugar']
boy sat girl sugar	['boy', 'sat', 'girl', 'sugar']	boy gave girl sugar	['boy', 'gave', 'girl', 'sugar']
boy ran girl sugar	['boy', 'ran', 'girl', 'sugar']	boy gave girl sugar	['boy', 'gave', 'girl', 'sugar']
boy blinked girl sugar	['boy', 'blinked', 'girl', 'sugar']	boy gave girl sugar	['boy', 'gave', 'girl', 'sugar']
boy slept girl book	['boy', 'slept', 'girl', 'book']	boy gave girl book	['boy', 'gave', 'girl', 'book']
boy sat girl book	['boy', 'sat', 'girl', 'book']	boy gave girl book	['boy', 'gave', 'girl', 'book']
boy ran girl book	['boy', 'ran', 'girl', 'book']	boy gave girl book	['boy', 'gave', 'girl', 'book']
boy blinked girl book	['boy', 'blinked', 'girl', 'book']	boy gave girl book	['boy', 'gave', 'girl', 'book']
boy slept girl letter	['boy', 'slept', 'girl', 'letter']	boy gave girl letter	['boy', 'gave', 'girl', 'letter']
boy sat girl letter	['boy', 'sat', 'girl', 'letter']	boy gave girl letter	['boy', 'gave', 'girl', 'letter']
boy ran girl letter	['boy', 'ran', 'girl', 'letter']	boy gave girl letter	['boy', 'gave', 'girl', 'letter']
boy blinked girl letter	['boy', 'blinked', 'girl', 'letter']	boy gave girl letter	['boy', 'gave', 'girl', 'letter']
boy slept girl package	['boy', 'slept', 'girl', 'package']	boy gave girl package	['boy', 'gave', 'girl', 'package']
boy sat girl package	['boy', 'sat', 'girl', 'package']	boy gave girl package	['boy', 'gave', 'girl', 'package']
boy ran girl package	['boy', 'ran', 'girl', 'package']	boy gave girl package	['boy', 'gave', 'girl', 'package']
boy blinked girl package	['boy', 'blinked', 'girl', 'package']	boy gave girl package	['boy', 'gave', 'girl', 'package']
boy slept girl gift	['boy', 'slept', 'girl', 'gift']	boy gave girl gift	['boy', 'gave', 'girl', 'gift']
boy sat girl gift	['boy', 'sat', 'girl', 'gift']	boy gave girl gift	['boy', 'gave', 'girl', 'gift']
boy ran girl gift	['boy', 'ran', 'girl', 'gift']	boy gave girl gift	['boy', 'gave', 'girl', 'gift']
boy blinked girl gift	['boy', 'blinked', 'girl', 'gift']	boy gave girl gift	['boy', 'gave', 'girl', 'gift']
girl slept man eggs	['girl', 'slept', 'man', 'eggs']	girl gave man eggs	['girl', 'gave', 'man', 'eggs']
girl sat man eggs	['girl', 'sat', 'man', 'eggs']	girl gave man eggs	['girl', 'gave', 'man', 'eggs']
girl ran man eggs	['girl', 'ran', 'man', 'eggs']	girl gave man eggs	['girl', 'gave', 'man', 'eggs']
girl blinked man eggs	['girl', 'blinked', 'man', 'eggs']	girl gave man eggs	['girl', 'gave', 'man', 'eggs']
girl slept man toast	['girl', 'slept', 'man', 'toast']	girl gave man toast	['girl', 'gave', 'man', 'toast']
girl sat man toast	['girl', 'sat', 'man', 'toast']	girl gave man toast	['girl', 'gave', 'man', 'toast']
girl ran man toast	['girl', 'ran', 'man', 'toast']	girl gave man toast	['girl', 'gave', 'man', 'toast']
girl blinked man toast	['girl', 'blinked', 'man', 'toast']	girl gave man toast	['girl', 'gave', 'man', 'toast']
girl slept man pizza	['girl', 'slept', 'man', 'pizza']	girl gave man pizza	['girl', 'gave', 'man', 'pizza']
girl sat man pizza	['girl', 'sat', 'man', 'pizza']	girl gave man pizza	['girl', 'gave', 'man', 'pizza']
girl ran man pizza	['girl', 'ran', 'man', 'pizza']	girl gave man pizza	['girl', 'gave', 'man', 'pizza']
girl blinked man pizza	['girl', 'blinked', 'man', 'pizza']	girl gave man pizza	['girl', 'gave', 'man', 'pizza']
girl slept man coffee	['girl', 'slept', 'man', 'coffee']	girl gave man coffee	['girl', 'gave', 'man', 'coffee']
girl sat man coffee	['girl', 'sat', 'man', 'coffee']	girl gave man coffee	['girl', 'gave', 'man', 'coffee']
girl ran man coffee	['girl', 'ran', 'man', 'coffee']	girl gave man coffee	['girl', 'gave', 'man', 'coffee']
girl blinked man coffee	['girl', 'blinked', 'man', 'coffee']	girl gave man coffee	['girl', 'gave', 'man', 'coffee']
girl slept man tea	['girl', 'slept', 'man', 'tea']	girl gave man tea	['girl', 'gave', 'man', 'tea']
girl sat man tea	['girl', 'sat', 'man', 'tea']	girl gave man tea	['girl', 'gave', 'man', 'tea']
girl ran man tea	['girl', 'ran', 'man', 'tea']	girl gave man tea	['girl', 'gave', 'man', 'tea']
girl blinked man tea	['girl', 'blinked', 'man', 'tea']	girl gave man tea	['girl', 'gave', 'man', 'tea']
girl slept man soup	['girl', 'slept', 'man', 'soup']	girl gave man soup	['girl', 'gave', 'man', 'soup']
girl sat man soup	['girl', 'sat', 'man', 'soup']	girl gave man soup	['girl', 'gave', 'man', 'soup']
girl ran man soup	['girl', 'ran', 'man', 'soup']	girl gave man soup	['girl', 'gave', 'man', 'soup']
girl blinked man soup	['girl', 'blinked', 'man', 'soup']	girl gave man soup	['girl', 'gave', 'man', 'soup']
girl slept man sugar	['girl', 'slept', 'man', 'sugar']	girl gave man sugar	['girl', 'gave', 'man', 'sugar']
girl sat man sugar	['girl', 'sat', 'man', 'sugar']	girl gave man sugar	['girl', 'gave', 'man', 'sugar']
girl ran man sugar	['girl', 'ran', 'man', 'sugar']	girl gave man sugar	['girl', 'gave', 'man', 'sugar']
girl blinked man sugar	['girl', 'blinked', 'man', 'sugar']	girl gave man sugar	['girl', 'gave', 'man', 'sugar']
girl slept man book	['girl', 'slept', 'man', 'book']	girl gave man book	['girl', 'gave', 'man', 'book']
girl sat man book	['girl', 'sat', 'man', 'book']	girl gave man book	['girl', 'gave', 'man', 'book']
girl ran man book	['girl', 'ran', 'man', 'book']	girl gave man book	['girl', 'gave', 'man', 'book']
girl blinked man book	['girl', 'blinked', 'man', 'book']	girl gave man book	['girl', 'gave', 'man', 'book']
girl slept man letter	['girl', 'slept', 'man', 'letter']	girl gave man letter	['girl', 'gave', 'man', 'letter']
girl sat man letter	['girl', 'sat', 'man', 'letter']	girl gave man letter	['girl', 'gave', 'man', 'letter']
girl ran man letter	['girl', 'ran', 'man', 'letter']	girl gave man letter	['girl', 'gave', 'man', 'letter']
girl blinked man letter	['girl', 'blinked', 'man', 'letter']	girl gave man letter	['girl', 'gave', 'man', 'letter']
girl slept man package	['girl', 'slept', 'man', 'package']	girl gave man package	['girl', 'gave', 'man', 'package']
girl sat man package	['girl', 'sat', 'man', 'package']	girl gave man package	['girl', 'gave', 'man', 'package']
girl ran man package	['girl', 'ran', 'man', 'package']	girl gave man package	['girl', 'gave', 'man', 'package']
girl blinked man package	['girl', 'blinked', 'man', 'package']	girl gave man package	['girl', 'gave', 'man', 'package']
girl slept man gift	['girl', 'slept', 'man', 'gift']	girl gave man gift	['girl', 'gave', 'man', 'gift']
girl sat man gift	['girl', 'sat', 'man', 'gift']	girl gave man gift	['girl', 'gave', 'man', 'gift']
girl ran man gift	['girl', 'ran', 'man', 'gift']	girl gave man gift	['girl', 'gave', 'man', 'gift']
girl blinked man gift	['girl', 'blinked', 'man', 'gift']	girl gave man gift	['girl', 'gave', 'man', 'gift']
girl slept woman eggs	['girl', 'slept', 'woman', 'eggs']	girl gave woman eggs	['girl', 'gave', 'woman', 'eggs']
girl sat woman eggs	['girl', 'sat', 'woman', 'eggs']	girl gave woman eggs	['girl', 'gave', 'woman', 'eggs']
girl ran woman eggs	['girl', 'ran', 'woman', 'eggs']	girl gave woman eggs	['girl', 'gave', 'woman', 'eggs']
girl blinked woman eggs	['girl', 'blinked', 'woman', 'eggs']	girl gave woman eggs	['girl', 'gave', 'woman', 'eggs']
girl slept woman toast	['girl', 'slept', 'woman', 'toast']	girl gave woman toast	['girl', 'gave', 'woman', 'toast']
girl sat woman toast	['girl', 'sat', 'woman', 'toast']	girl gave woman toast	['girl', 'gave', 'woman', 'toast']
girl ran woman toast	['girl', 'ran', 'woman', 'toast']	girl gave woman toast	['girl', 'gave', 'woman', 'toast']
girl blinked woman toast	['girl', 'blinked', 'woman', 'toast']	girl gave woman toast	['girl', 'gave', 'woman', 'toast']
girl slept woman pizza	['girl', 'slept', 'woman', 'pizza']	girl gave woman pizza	['girl', 'gave', 'woman', 'pizza']
girl sat woman pizza	['girl', 'sat', 'woman', 'pizza']	girl gave woman pizza	['girl', 'gave', 'woman', 'pizza']
girl ran woman pizza	['girl', 'ran', 'woman', 'pizza']	girl gave woman pizza	['girl', 'gave', 'woman', 'pizza']
girl blinked woman pizza	['girl', 'blinked', 'woman', 'pizza']	girl gave woman pizza	['girl', 'gave', 'woman', 'pizza']
girl slept woman coffee	['girl', 'slept', 'woman', 'coffee']	girl gave woman coffee	['girl', 'gave', 'woman', 'coffee']
girl sat woman coffee	['girl', 'sat', 'woman', 'coffee']	girl gave woman coffee	['girl', 'gave', 'woman', 'coffee']
girl ran woman coffee	['girl', 'ran', 'woman', 'coffee']	girl gave woman coffee	['girl', 'gave', 'woman', 'coffee']
girl blinked woman coffee	['girl', 'blinked', 'woman', 'coffee']	girl gave woman coffee	['girl', 'gave', 'woman', 'coffee']
girl slept woman tea	['girl', 'slept', 'woman', 'tea']	girl gave woman tea	['girl', 'gave', 'woman', 'tea']
girl sat woman tea	['girl', 'sat', 'woman', 'tea']	girl gave woman tea	['girl', 'gave', 'woman', 'tea']
girl ran woman tea	['girl', 'ran', 'woman', 'tea']	girl gave woman tea	['girl', 'gave', 'woman', 'tea']
girl blinked woman tea	['girl', 'blinked', 'woman', 'tea']	girl gave woman tea	['girl', 'gave', 'woman', 'tea']
girl slept woman soup	['girl', 'slept', 'woman', 'soup']	girl gave woman soup	['girl', 'gave', 'woman', 'soup']
girl sat woman soup	['girl', 'sat', 'woman', 'soup']	girl gave woman soup	['girl', 'gave', 'woman', 'soup']
girl ran woman soup	['girl', 'ran', 'woman', 'soup']	girl gave woman soup	['girl', 'gave', 'woman', 'soup']
girl blinked woman soup	['girl', 'blinked', 'woman', 'soup']	girl gave woman soup	['girl', 'gave', 'woman', 'soup']
girl slept woman sugar	['girl', 'slept', 'woman', 'sugar']	girl gave woman sugar	['girl', 'gave', 'woman', 'sugar']
girl sat woman sugar	['girl', 'sat', 'woman', 'sugar']	girl gave woman sugar	['girl', 'gave', 'woman', 'sugar']
girl ran woman sugar	['girl', 'ran', 'woman', 'sugar']	girl gave woman sugar	['girl', 'gave', 'woman', 'sugar']
girl blinked woman sugar	['girl', 'blinked', 'woman', 'sugar']	girl gave woman sugar	['girl', 'gave', 'woman', 'sugar']
girl slept woman book	['girl', 'slept', 'woman', 'book']	girl gave woman book	['girl', 'gave', 'woman', 'book']
girl sat woman book	['girl', 'sat', 'woman', 'book']	girl gave woman book	['girl', 'gave', 'woman', 'book']
girl ran woman book	['girl', 'ran', 'woman', 'book']	girl gave woman book	['girl', 'gave', 'woman', 'book']
girl blinked woman book	['girl', 'blinked', 'woman', 'book']	girl gave woman book	['girl', 'gave', 'woman', 'book']
girl slept woman letter	['girl', 'slept', 'woman', 'letter']	girl gave woman letter	['girl', 'gave', 'woman', 'letter']
girl sat woman letter	['girl', 'sat', 'woman', 'letter']	girl gave woman letter	['girl', 'gave', 'woman', 'letter']
girl ran woman letter	['girl', 'ran', 'woman', 'letter']	girl gave woman letter	['girl', 'gave', 'woman', 'letter']
girl blinked woman letter	['girl', 'blinked', 'woman', 'letter']	girl gave woman letter	['girl', 'gave', 'woman', 'letter']
girl slept woman package	['girl', 'slept', 'woman', 'package']	girl gave woman package	['girl', 'gave', 'woman', 'package']
girl sat woman package	['girl', 'sat', 'woman', 'package']	girl gave woman package	['girl', 'gave', 'woman', 'package']
girl ran woman package	['girl', 'ran', 'woman', 'package']	girl gave woman package	['girl', 'gave', 'woman', 'package']
girl blinked woman package	['girl', 'blinked', 'woman', 'package']	girl gave woman package	['girl', 'gave', 'woman', 'package']
girl slept woman gift	['girl', 'slept', 'woman', 'gift']	girl gave woman gift	['girl', 'gave', 'woman', 'gift']
girl sat woman gift	['girl', 'sat', 'woman', 'gift']	girl gave woman gift	['girl', 'gave', 'woman', 'gift']
girl ran woman gift	['girl', 'ran', 'woman', 'gift']	girl gave woman gift	['girl', 'gave', 'woman', 'gift']
girl blinked woman gift	['girl', 'blinked', 'woman', 'gift']	girl gave woman gift	['girl', 'gave', 'woman', 'gift']
girl slept boy eggs	['girl', 'slept', 'boy', 'eggs']	girl gave boy eggs	['girl', 'gave', 'boy', 'eggs']
girl sat boy eggs	['girl', 'sat', 'boy', 'eggs']	girl gave boy eggs	['girl', 'gave', 'boy', 'eggs']
girl ran boy eggs	['girl', 'ran', 'boy', 'eggs']	girl gave boy eggs	['girl', 'gave', 'boy', 'eggs']
girl blinked boy eggs	['girl', 'blinked', 'boy', 'eggs']	girl gave boy eggs	['girl', 'gave', 'boy', 'eggs']
girl slept boy toast	['girl', 'slept', 'boy', 'toast']	girl gave boy toast	['girl', 'gave', 'boy', 'toast']
girl sat boy toast	['girl', 'sat', 'boy', 'toast']	girl gave boy toast	['girl', 'gave', 'boy', 'toast']
girl ran boy toast	['girl', 'ran', 'boy', 'toast']	girl gave boy toast	['girl', 'gave', 'boy', 'toast']
girl blinked boy toast	['girl', 'blinked', 'boy', 'toast']	girl gave boy toast	['girl', 'gave', 'boy', 'toast']
girl slept boy pizza	['girl', 'slept', 'boy', 'pizza']	girl gave boy pizza	['girl', 'gave', 'boy', 'pizza']
girl sat boy pizza	['girl', 'sat', 'boy', 'pizza']	girl gave boy pizza	['girl', 'gave', 'boy', 'pizza']
girl ran boy pizza	['girl', 'ran', 'boy', 'pizza']	girl gave boy pizza	['girl', 'gave', 'boy', 'pizza']
girl blinked boy pizza	['girl', 'blinked', 'boy', 'pizza']	girl gave boy pizza	['girl', 'gave', 'boy', 'pizza']
girl slept boy coffee	['girl', 'slept', 'boy', 'coffee']	girl gave boy coffee	['girl', 'gave', 'boy', 'coffee']
girl sat boy coffee	['girl', 'sat', 'boy', 'coffee']	girl gave boy coffee	['girl', 'gave', 'boy', 'coffee']
girl ran boy coffee	['girl', 'ran', 'boy', 'coffee']	girl gave boy coffee	['girl', 'gave', 'boy', 'coffee']
girl blinked boy coffee	['girl', 'blinked', 'boy', 'coffee']	girl gave boy coffee	['girl', 'gave', 'boy', 'coffee']
girl slept boy tea	['girl', 'slept', 'boy', 'tea']	girl gave boy tea	['girl', 'gave', 'boy', 'tea']
girl sat boy tea	['girl', 'sat', 'boy', 'tea']	girl gave boy tea	['girl', 'gave', 'boy', 'tea']
girl ran boy tea	['girl', 'ran', 'boy', 'tea']	girl gave boy tea	['girl', 'gave', 'boy', 'tea']
girl blinked boy tea	['girl', 'blinked', 'boy', 'tea']	girl gave boy tea	['girl', 'gave', 'boy', 'tea']
girl slept boy soup	['girl', 'slept', 'boy', 'soup']	girl gave boy soup	['girl', 'gave', 'boy', 'soup']
girl sat boy soup	['girl', 'sat', 'boy', 'soup']	girl gave boy soup	['girl', 'gave', 'boy', 'soup']
girl ran boy soup	['girl', 'ran', 'boy', 'soup']	girl gave boy soup	['girl', 'gave', 'boy', 'soup']
girl blinked boy soup	['girl', 'blinked', 'boy', 'soup']	girl gave boy soup	['girl', 'gave', 'boy', 'soup']
girl slept boy sugar	['girl', 'slept', 'boy', 'sugar']	girl gave boy sugar	['girl', 'gave', 'boy', 'sugar']
girl sat boy sugar	['girl', 'sat', 'boy', 'sugar']	girl gave boy sugar	['girl', 'gave', 'boy', 'sugar']
girl ran boy sugar	['girl', 'ran', 'boy', 'sugar']	girl gave boy sugar	['girl', 'gave', 'boy', 'sugar']
girl blinked boy sugar	['girl', 'blinked', 'boy', 'sugar']	girl gave boy sugar	['girl', 'gave', 'boy', 'sugar']
girl slept boy book	['girl', 'slept', 'boy', 'book']	girl gave boy book	['girl', 'gave', 'boy', 'book']
girl sat boy book	['girl', 'sat', 'boy', 'book']	girl gave boy book	['girl', 'gave', 'boy', 'book']
girl ran boy book	['girl', 'ran', 'boy', 'book']	girl gave boy book	['girl', 'gave', 'boy', 'book']
girl blinked boy book	['girl', 'blinked', 'boy', 'book']	girl gave boy book	['girl', 'gave', 'boy', 'book']
girl slept boy letter	['girl', 'slept', 'boy', 'letter']	girl gave boy letter	['girl', 'gave', 'boy', 'letter']
girl sat boy letter	['girl', 'sat', 'boy', 'letter']	girl gave boy letter	['girl', 'gave', 'boy', 'letter']
girl ran boy letter	['girl', 'ran', 'boy', 'letter']	girl gave boy letter	['girl', 'gave', 'boy', 'letter']
girl blinked boy letter	['girl', 'blinked', 'boy', 'letter']	girl gave boy letter	['girl', 'gave', 'boy', 'letter']
girl slept boy package	['girl', 'slept', 'boy', 'package']	girl gave boy package	['girl', 'gave', 'boy', 'package']
girl sat boy package	['girl', 'sat', 'boy', 'package']	girl gave boy package	['girl', 'gave', 'boy', 'package']
girl ran boy package	['girl', 'ran', 'boy', 'package']	girl gave boy package	['girl', 'gave', 'boy', 'package']
girl blinked boy package	['girl', 'blinked', 'boy', 'package']	girl gave boy package	['girl', 'gave', 'boy', 'package']
girl slept boy gift	['girl', 'slept', 'boy', 'gift']	girl gave boy gift	['girl', 'gave', 'boy', 'gift']
girl sat boy gift	['girl', 'sat', 'boy', 'gift']	girl gave boy gift	['girl', 'gave', 'boy', 'gift']
girl ran boy gift	['girl', 'ran', 'boy', 'gift']	girl gave boy gift	['girl', 'gave', 'boy', 'gift']
girl blinked boy gift	['girl', 'blinked', 'boy', 'gift']	girl gave boy gift	['girl', 'gave', 'boy', 'gift']
girl slept girl eggs	['girl', 'slept', 'girl', 'eggs']	girl gave girl eggs	['girl', 'gave', 'girl', 'eggs']
girl sat girl eggs	['girl', 'sat', 'girl', 'eggs']	girl gave girl eggs	['girl', 'gave', 'girl', 'eggs']
girl ran girl eggs	['girl', 'ran', 'girl', 'eggs']	girl gave girl eggs	['girl', 'gave', 'girl', 'eggs']
girl blinked girl eggs	['girl', 'blinked', 'girl', 'eggs']	girl gave girl eggs	['girl', 'gave', 'girl', 'eggs']
girl slept girl toast	['girl', 'slept', 'girl', 'toast']	girl gave girl toast	['girl', 'gave', 'girl', 'toast']
girl sat girl toast	['girl', 'sat', 'girl', 'toast']	girl gave girl toast	['girl', 'gave', 'girl', 'toast']
girl ran girl toast	['girl', 'ran', 'girl', 'toast']	girl gave girl toast	['girl', 'gave', 'girl', 'toast']
girl blinked girl toast	['girl', 'blinked', 'girl', 'toast']	girl gave girl toast	['girl', 'gave', 'girl', 'toast']
girl slept girl pizza	['girl', 'slept', 'girl', 'pizza']	girl gave girl pizza	['girl', 'gave', 'girl', 'pizza']
girl sat girl pizza	['girl', 'sat', 'girl', 'pizza']	girl gave girl pizza	['girl', 'gave', 'girl', 'pizza']
girl ran girl pizza	['girl', 'ran', 'girl', 'pizza']	girl gave girl pizza	['girl', 'gave', 'girl', 'pizza']
girl blinked girl pizza	['girl', 'blinked', 'girl', 'pizza']	girl gave girl pizza	['girl', 'gave', 'girl', 'pizza']
girl slept girl coffee	['girl', 'slept', 'girl', 'coffee']	girl gave girl coffee	['girl', 'gave', 'girl', 'coffee']
girl sat girl coffee	['girl', 'sat', 'girl', 'coffee']	girl gave girl coffee	['girl', 'gave', 'girl', 'coffee']
girl ran girl coffee	['girl', 'ran', 'girl', 'coffee']	girl gave girl coffee	['girl', 'gave', 'girl', 'coffee']
girl blinked girl coffee	['girl', 'blinked', 'girl', 'coffee']	girl gave girl coffee	['girl', 'gave', 'girl', 'coffee']
girl slept girl tea	['girl', 'slept', 'girl', 'tea']	girl gave girl tea	['girl', 'gave', 'girl', 'tea']
girl sat girl tea	['girl', 'sat', 'girl', 'tea']	girl gave girl tea	['girl', 'gave', 'girl', 'tea']
girl ran girl tea	['girl', 'ran', 'girl', 'tea']	girl gave girl tea	['girl', 'gave', 'girl', 'tea']
girl blinked girl tea	['girl', 'blinked', 'girl', 'tea']	girl gave girl tea	['girl', 'gave', 'girl', 'tea']
girl slept girl soup	['girl', 'slept', 'girl', 'soup']	girl gave girl soup	['girl', 'gave', 'girl', 'soup']
girl sat girl soup	['girl', 'sat', 'girl', 'soup']	girl gave girl soup	['girl', 'gave', 'girl', 'soup']
girl ran girl soup	['girl', 'ran', 'girl', 'soup']	girl gave girl soup	['girl', 'gave', 'girl', 'soup']
girl blinked girl soup	['girl', 'blinked', 'girl', 'soup']	girl gave girl soup	['girl', 'gave', 'girl', 'soup']
girl slept girl sugar	['girl', 'slept', 'girl', 'sugar']	girl gave girl sugar	['girl', 'gave', 'girl', 'sugar']
girl sat girl sugar	['girl', 'sat', 'girl', 'sugar']	girl gave girl sugar	['girl', 'gave', 'girl', 'sugar']
girl ran girl sugar	['girl', 'ran', 'girl', 'sugar']	girl gave girl sugar	['girl', 'gave', 'girl', 'sugar']
girl blinked girl sugar	['girl', 'blinked', 'girl', 'sugar']	girl gave girl sugar	['girl', 'gave', 'girl', 'sugar']
girl slept girl book	['girl', 'slept', 'girl', 'book']	girl gave girl book	['girl', 'gave', 'girl', 'book']
girl sat girl book	['girl', 'sat', 'girl', 'book']	girl gave girl book	['girl', 'gave', 'girl', 'book']
girl ran girl book	['girl', 'ran', 'girl', 'book']	girl gave girl book	['girl', 'gave', 'girl', 'book']
girl blinked girl book	['girl', 'blinked', 'girl', 'book']	girl gave girl book	['girl', 'gave', 'girl', 'book']
girl slept girl letter	['girl', 'slept', 'girl', 'letter']	girl gave girl letter	['girl', 'gave', 'girl', 'letter']
girl sat girl letter	['girl', 'sat', 'girl', 'letter']	girl gave girl letter	['girl', 'gave', 'girl', 'letter']
girl ran girl letter	['girl', 'ran', 'girl', 'letter']	girl gave girl letter	['girl', 'gave', 'girl', 'letter']
girl blinked girl letter	['girl', 'blinked', 'girl', 'letter']	girl gave girl letter	['girl', 'gave', 'girl', 'letter']
girl slept girl package	['girl', 'slept', 'girl', 'package']	girl gave girl package	['girl', 'gave', 'girl', 'package']
girl sat girl package	['girl', 'sat', 'girl', 'package']	girl gave girl package	['girl', 'gave', 'girl', 'package']
girl ran girl package	['girl', 'ran', 'girl', 'package']	girl gave girl package	['girl', 'gave', 'girl', 'package']
girl blinked girl package	['girl', 'blinked', 'girl', 'package']	girl gave girl package	['girl', 'gave', 'girl', 'package']
girl slept girl gift	['girl', 'slept', 'girl', 'gift']	girl gave girl gift	['girl', 'gave', 'girl', 'gift']
girl sat girl gift	['girl', 'sat', 'girl', 'gift']	girl gave girl gift	['girl', 'gave', 'girl', 'gift']
girl ran girl gift	['girl', 'ran', 'girl', 'gift']	girl gave girl gift	['girl', 'gave', 'girl', 'gift']
girl blinked girl gift	['girl', 'blinked', 'girl', 'gift']	girl gave girl gift	['girl', 'gave', 'girl', 'gift']
man slept boy eggs	['man', 'slept', 'boy', 'eggs']	man fed boy eggs	['man', 'fed', 'boy', 'eggs']
man sat boy eggs	['man', 'sat', 'boy', 'eggs']	man fed boy eggs	['man', 'fed', 'boy', 'eggs']
man ran boy eggs	['man', 'ran', 'boy', 'eggs']	man fed boy eggs	['man', 'fed', 'boy', 'eggs']
man blinked boy eggs	['man', 'blinked', 'boy', 'eggs']	man fed boy eggs	['man', 'fed', 'boy', 'eggs']
man slept boy toast	['man', 'slept', 'boy', 'toast']	man fed boy toast	['man', 'fed', 'boy', 'toast']
man sat boy toast	['man', 'sat', 'boy', 'toast']	man fed boy toast	['man', 'fed', 'boy', 'toast']
man ran boy toast	['man', 'ran', 'boy', 'toast']	man fed boy toast	['man', 'fed', 'boy', 'toast']
man blinked boy toast	['man', 'blinked', 'boy', 'toast']	man fed boy toast	['man', 'fed', 'boy', 'toast']
man slept boy pizza	['man', 'slept', 'boy', 'pizza']	man fed boy pizza	['man', 'fed', 'boy', 'pizza']
man sat boy pizza	['man', 'sat', 'boy', 'pizza']	man fed boy pizza	['man', 'fed', 'boy', 'pizza']
man ran boy pizza	['man', 'ran', 'boy', 'pizza']	man fed boy pizza	['man', 'fed', 'boy', 'pizza']
man blinked boy pizza	['man', 'blinked', 'boy', 'pizza']	man fed boy pizza	['man', 'fed', 'boy', 'pizza']
man slept boy soup	['man', 'slept', 'boy', 'soup']	man fed boy soup	['man', 'fed', 'boy', 'soup']
man sat boy soup	['man', 'sat', 'boy', 'soup']	man fed boy soup	['man', 'fed', 'boy', 'soup']
man ran boy soup	['man', 'ran', 'boy', 'soup']	man fed boy soup	['man', 'fed', 'boy', 'soup']
man blinked boy soup	['man', 'blinked', 'boy', 'soup']	man fed boy soup	['man', 'fed', 'boy', 'soup']
man slept boy sugar	['man', 'slept', 'boy', 'sugar']	man fed boy sugar	['man', 'fed', 'boy', 'sugar']
man sat boy sugar	['man', 'sat', 'boy', 'sugar']	man fed boy sugar	['man', 'fed', 'boy', 'sugar']
man ran boy sugar	['man', 'ran', 'boy', 'sugar']	man fed boy sugar	['man', 'fed', 'boy', 'sugar']
man blinked boy sugar	['man', 'blinked', 'boy', 'sugar']	man fed boy sugar	['man', 'fed', 'boy', 'sugar']
man slept girl eggs	['man', 'slept', 'girl', 'eggs']	man fed girl eggs	['man', 'fed', 'girl', 'eggs']
man sat girl eggs	['man', 'sat', 'girl', 'eggs']	man fed girl eggs	['man', 'fed', 'girl', 'eggs']
man ran girl eggs	['man', 'ran', 'girl', 'eggs']	man fed girl eggs	['man', 'fed', 'girl', 'eggs']
man blinked girl eggs	['man', 'blinked', 'girl', 'eggs']	man fed girl eggs	['man', 'fed', 'girl', 'eggs']
man slept girl toast	['man', 'slept', 'girl', 'toast']	man fed girl toast	['man', 'fed', 'girl', 'toast']
man sat girl toast	['man', 'sat', 'girl', 'toast']	man fed girl toast	['man', 'fed', 'girl', 'toast']
man ran girl toast	['man', 'ran', 'girl', 'toast']	man fed girl toast	['man', 'fed', 'girl', 'toast']
man blinked girl toast	['man', 'blinked', 'girl', 'toast']	man fed girl toast	['man', 'fed', 'girl', 'toast']
man slept girl pizza	['man', 'slept', 'girl', 'pizza']	man fed girl pizza	['man', 'fed', 'girl', 'pizza']
man sat girl pizza	['man', 'sat', 'girl', 'pizza']	man fed girl pizza	['man', 'fed', 'girl', 'pizza']
man ran girl pizza	['man', 'ran', 'girl', 'pizza']	man fed girl pizza	['man', 'fed', 'girl', 'pizza']
man blinked girl pizza	['man', 'blinked', 'girl', 'pizza']	man fed girl pizza	['man', 'fed', 'girl', 'pizza']
man slept girl soup	['man', 'slept', 'girl', 'soup']	man fed girl soup	['man', 'fed', 'girl', 'soup']
man sat girl soup	['man', 'sat', 'girl', 'soup']	man fed girl soup	['man', 'fed', 'girl', 'soup']
man ran girl soup	['man', 'ran', 'girl', 'soup']	man fed girl soup	['man', 'fed', 'girl', 'soup']
man blinked girl soup	['man', 'blinked', 'girl', 'soup']	man fed girl soup	['man', 'fed', 'girl', 'soup']
man slept girl sugar	['man', 'slept', 'girl', 'sugar']	man fed girl sugar	['man', 'fed', 'girl', 'sugar']
man sat girl sugar	['man', 'sat', 'girl', 'sugar']	man fed girl sugar	['man', 'fed', 'girl', 'sugar']
man ran girl sugar	['man', 'ran', 'girl', 'sugar']	man fed girl sugar	['man', 'fed', 'girl', 'sugar']
man blinked girl sugar	['man', 'blinked', 'girl', 'sugar']	man fed girl sugar	['man', 'fed', 'girl', 'sugar']
woman slept boy eggs	['woman', 'slept', 'boy', 'eggs']	woman fed boy eggs	['woman', 'fed', 'boy', 'eggs']
woman sat boy eggs	['woman', 'sat', 'boy', 'eggs']	woman fed boy eggs	['woman', 'fed', 'boy', 'eggs']
woman ran boy eggs	['woman', 'ran', 'boy', 'eggs']	woman fed boy eggs	['woman', 'fed', 'boy', 'eggs']
woman blinked boy eggs	['woman', 'blinked', 'boy', 'eggs']	woman fed boy eggs	['woman', 'fed', 'boy', 'eggs']
woman slept boy toast	['woman', 'slept', 'boy', 'toast']	woman fed boy toast	['woman', 'fed', 'boy', 'toast']
woman sat boy toast	['woman', 'sat', 'boy', 'toast']	woman fed boy toast	['woman', 'fed', 'boy', 'toast']
woman ran boy toast	['woman', 'ran', 'boy', 'toast']	woman fed boy toast	['woman', 'fed', 'boy', 'toast']
woman blinked boy toast	['woman', 'blinked', 'boy', 'toast']	woman fed boy toast	['woman', 'fed', 'boy', 'toast']
woman slept boy pizza	['woman', 'slept', 'boy', 'pizza']	woman fed boy pizza	['woman', 'fed', 'boy', 'pizza']
woman sat boy pizza	['woman', 'sat', 'boy', 'pizza']	woman fed boy pizza	['woman', 'fed', 'boy', 'pizza']
woman ran boy pizza	['woman', 'ran', 'boy', 'pizza']	woman fed boy pizza	['woman', 'fed', 'boy', 'pizza']
woman blinked boy pizza	['woman', 'blinked', 'boy', 'pizza']	woman fed boy pizza	['woman', 'fed', 'boy', 'pizza']
woman slept boy soup	['woman', 'slept', 'boy', 'soup']	woman fed boy soup	['woman', 'fed', 'boy', 'soup']
woman sat boy soup	['woman', 'sat', 'boy', 'soup']	woman fed boy soup	['woman', 'fed', 'boy', 'soup']
woman ran boy soup	['woman', 'ran', 'boy', 'soup']	woman fed boy soup	['woman', 'fed', 'boy', 'soup']
woman blinked boy soup	['woman', 'blinked', 'boy', 'soup']	woman fed boy soup	['woman', 'fed', 'boy', 'soup']
woman slept boy sugar	['woman', 'slept', 'boy', 'sugar']	woman fed boy sugar	['woman', 'fed', 'boy', 'sugar']
woman sat boy sugar	['woman', 'sat', 'boy', 'sugar']	woman fed boy sugar	['woman', 'fed', 'boy', 'sugar']
woman ran boy sugar	['woman', 'ran', 'boy', 'sugar']	woman fed boy sugar	['woman', 'fed', 'boy', 'sugar']
woman blinked boy sugar	['woman', 'blinked', 'boy', 'sugar']	woman fed boy sugar	['woman', 'fed', 'boy', 'sugar']
woman slept girl eggs	['woman', 'slept', 'girl', 'eggs']	woman fed girl eggs	['woman', 'fed', 'girl', 'eggs']
woman sat girl eggs	['woman', 'sat', 'girl', 'eggs']	woman fed girl eggs	['woman', 'fed', 'girl', 'eggs']
woman ran girl eggs	['woman', 'ran', 'girl', 'eggs']	woman fed girl eggs	['woman', 'fed', 'girl', 'eggs']
woman blinked girl eggs	['woman', 'blinked', 'girl', 'eggs']	woman fed girl eggs	['woman', 'fed', 'girl', 'eggs']
woman slept girl toast	['woman', 'slept', 'girl', 'toast']	woman fed girl toast	['woman', 'fed', 'girl', 'toast']
woman sat girl toast	['woman', 'sat', 'girl', 'toast']	woman fed girl toast	['woman', 'fed', 'girl', 'toast']
woman ran girl toast	['woman', 'ran', 'girl', 'toast']	woman fed girl toast	['woman', 'fed', 'girl', 'toast']
woman blinked girl toast	['woman', 'blinked', 'girl', 'toast']	woman fed girl toast	['woman', 'fed', 'girl', 'toast']
woman slept girl pizza	['woman', 'slept', 'girl', 'pizza']	woman fed girl pizza	['woman', 'fed', 'girl', 'pizza']
woman sat girl pizza	['woman', 'sat', 'girl', 'pizza']	woman fed girl pizza	['woman', 'fed', 'girl', 'pizza']
woman ran girl pizza	['woman', 'ran', 'girl', 'pizza']	woman fed girl pizza	['woman', 'fed', 'girl', 'pizza']
woman blinked girl pizza	['woman', 'blinked', 'girl', 'pizza']	woman fed girl pizza	['woman', 'fed', 'girl', 'pizza']
woman slept girl soup	['woman', 'slept', 'girl', 'soup']	woman fed girl soup	['woman', 'fed', 'girl', 'soup']
woman sat girl soup	['woman', 'sat', 'girl', 'soup']	woman fed girl soup	['woman', 'fed', 'girl', 'soup']
woman ran girl soup	['woman', 'ran', 'girl', 'soup']	woman fed girl soup	['woman', 'fed', 'girl', 'soup']
woman blinked girl soup	['woman', 'blinked', 'girl', 'soup']	woman fed girl soup	['woman', 'fed', 'girl', 'soup']
woman slept girl sugar	['woman', 'slept', 'girl', 'sugar']	woman fed girl sugar	['woman', 'fed', 'girl', 'sugar']
woman sat girl sugar	['woman', 'sat', 'girl', 'sugar']	woman fed girl sugar	['woman', 'fed', 'girl', 'sugar']
woman ran girl sugar	['woman', 'ran', 'girl', 'sugar']	woman fed girl sugar	['woman', 'fed', 'girl', 'sugar']
woman blinked girl sugar	['woman', 'blinked', 'girl', 'sugar']	woman fed girl sugar	['woman', 'fed', 'girl', 'sugar']
